TEXT,label
gkd，直接小丑吧,1
不许站，跪着磕到死,1
翻个白眼  屁股抬高    舌头伸出来,1
小丑再来句急是吧？跟你这种脑子也没什么好说的了,1
死肥宅 二刺猿,1
真羡慕你的皮肤，保养得真厚。,1
有意见鳖着，不然牛牛给你嗦烂,1
脑子是个日用品，希望你不要把它当成装饰品。,1
分了t我，这些xxn都是被你们这些龟萳惯出来 别祸害同胞啊,1
窝囊组上大分,1
中肯的 夹夹我的,1
逆天东西，早点重开吧。就这还大学生呢，智商比我家养的猪还低,1
抽空一起去吃鱼吧，看你挺会挑刺的。,1
你脖子上顶的是肿瘤吗,1
真盖斯啊还有速更爷爱看,1
我奶奶打字都比你快,1
虽然孙吧是厕所 但也没有把别人家的屎放到自己家马桶里冲的吧。下次自己消化,1
让你新注册个账号来诋毁是吧,1
没妈的玩意,1
你是不是不行?打半天都打不出来,1
你特么微信叫大侠啦啦，贴吧也叫一样的，是不是有毛病,1
真把自己当公主了？,1
外放的都是傻狗,1
你是数字界和英文界二把手,1
肯定是有的，真吃的会急，不吃的也会急着切割，到底还是急了,1
她留学不是她家里人出钱？你出啥钱？脑子坏啦。,1
就是这种四两拨千斤的感觉，一边泰然自若，一边嘤嘤狂吠，就跟往她嘴里塞湿抹布一样，让她失态，让她呕吐,1
逆蝶老了没工作能力了，那赶紧把逆蝶送去火化吧,1
你也挺可怜的，你不说我还以为你家现在就你一个人了,1
不出来帮乘务员说两句吗？你也是乘客xxn又不能把你怎么样,1
理智救不了国男,1
你和楼主倒都是纯种低㴰,1
你这种在种植园的黑奴里是每天晚上都要被使用的,1
本鼠鼠当时不好骂他，现在想想就感觉像吃了苍蝇一样恶心，现实中遇到这种人也真是晦气,1
都给你牛魔完了是吧,1
这b特效越看越唐，不知道还以为是谁家脑瘫跑出来了,1
4，飞盘高手2的升级版，堵在门口后死活不让我端过去，一定要自己端，然后啪的一下没接稳摔了，你他妈真有毛病啊？,1
你奶奶滴，非要等人多才开始是吧,1
的直接就说长的一般六分，虚荣的就说化妆好看，他来个化妆刚及格可能是丑的自己都骗不了自己了,1
孙吧的小丑是真的多 一群废物看楼主来波教学局,1
啥意思，你纹身给自己+buff了？纹身了你就不是臭打工的？难绷,1
直接把结果发出来得了，不是谁都像小丑一样有时间的，,1
不如让他打你一下保研多香 我这里就是儿科主任把一个在icu的研究生掐住脖子按在墙上 这个研究生就保博了,1
哈哈 骨子里的沸羊羊基因要发动咯,1
xn你也别删评奥，看明天是打男拳的人多还是觉得你魔怔的人多,1
出卖自己的灵魂和原则并不丢人，丢人的是没能卖一个好价钱,1
死了姆的这男的，真即把下头，上来直接怼着问感情史智商低情商也低，不会聊天建议重开，就这闹颤水平还搁网络上找对象,1
你不会觉得这人真能上高中吧？,1
这种xxn不可能健身的，162/143腰上那一圈割下来能炼一大锅油,1
他的视频就知道他最喜欢给xxn撑腰,1
开庭≠开庭,1
后来的剧情真有点儿溺智了之前感觉还行,1
整天满身的劣质香水味还往男人身边凑，谁多看你一眼了吗？长得真有创意，活得真有勇气！你活着浪费空气，死了浪费土地，半死不活浪费人民币！,1
我不是看不起你，而是压根懒得理你。,1
前一天的晚饭都要吐出来咯,1
心疼啥，已经违规纵容。都已经骑脸上拉屎还是以对面是to而给予超柜待遇,1
魔批是这样的,1
骚刚之所以叫骚刚，是因为他拉史巨臭，而且有很大概率触发不冲厕所这个技能，每次兄弟们开门都能看到一坨横在那块，骚刚从来不刷厕所，都是等着兄弟们服务他,1
看气了，真踏马孬种,1
p的还行,1
先籹到处都有,1
要我说，成年了我爱骂谁骂谁，和我又没有球样的关系,1
惟其如此，失望和孤单的时候，我才可以不掉眼泪，不起波动，微笑告诉自己，不是你对我不好，而是爱情本来就是虚妄的，它曾经有多热烈，也就有多寂寞。,1
女的无非P瘾犯了呗，你喜欢就拿下，不喜欢就别跟她说话不就得了,1
xxn嘎嘣脆,1
无聊，我要看到马卡洛夫血流成河,1
孙吧是用来拉屎的，不是让屎给自己镀金的,1
你父母身体条件要是还行就赶紧要一个吧,1
校园固炮，随叫随到,1
本来想破口大骂你两句的，转念一想我就算赛博开除你组棕十八代了你也该幸福幸福该曹丕曹丕而我还是个这辈子卡在这里的枸辟鼠人，损人不利己不如与人为善，还是祝你幸福吧,1
但这只是一个废物的诞生罢了，只是对于一个小家庭来说是个大事,1
滚蛋，不许跪,1
花你钱了？,1
祝您下半生在医院享尽清福。,1
赛博丁真好歹是自己靠剪辑技术和话术能力吸引纯不懂的群体，丁真是个啥。,1
逆天xxn 一个店名给它看生理不适了,1
低龄？滴能！,1
透的洋批越多不就越显得洋批廉价么,1
反转了，他舍友是你未来的爹,1
透的时候让她叫你baba就行了,1
你真是比垃圾袋都还能装,1
看见别人有浮木就急了,1
私募中医粉别恶心人了,1
小鬼没这耐心,1
老东西还怪会刷流量勒,1
你怎么说话这么装？五星天皇？,1
卧槽，羡慕你的才华，我看到他属地云南只想到让他贩毒,1
这不是⛵？什么时候孙吧鉴别能力这么低下了？,1
下跪了，求求你把v给我吧，我见第一眼就爱上了你，你是我人生中的灯塔，照射我前行的道路，一天看不见你我就感觉窒息，整天昏天黑地的生活着，你就是我的明天，没有你我的世界是不会开花的,1
楼主分明都对这女的没意思了还要和她纠缠这么久，果然还是锁死最好,1
这种人就属于不会做人，将来上了社会有的是人教他怎么做人,1
怎么不把你气死呢，是不是欠收拾了,1
ghg啊一句话就送走了全世界的女性上天堂，其中还有她妈妈。,1
世界一滩臭水，就是你的旁观无所作为所致。,1
透的洋啤越多不就越显得洋啤廉价么,1
一个天天靠卖淫拿她男主人钱花的妓钕罢了，男主人快死了再偷走他一半财产,1
小仙女开车停路边，狗子下车，被老太太三轮车碰到了，小仙女急眼了，报警了，说给它的狗子碰伤了，要去医院检查，还说狗怀孕了，要老太太赔钱,1
不愧是花科✌，真是文采斐然,1
小东西还挺凶的，奶瓶给你打掉。,1
“您脑子里的水是为了浇灌您心里的碧树嘛？”,1
不能，我们和舔狗一起抢食吃,1
8u是你爹啊，一巴掌扇过去看看你还发不发电,1
年轻时就没脑子，老了更没脑子 不是恶意诋毁，我看了也急,1
孙吧没有牛头人，牛头人滚出孙吧孙吧只有小丑,1
要是以后你对象不天天八抬大轿供着你出门 碗筷都是日本人洗过七遍的 家门口都有个英国伦敦口音的管家看门 我都看不起你 大傻缺,1
她是畜生，你也有点fv,1
你自己跳吧，别出来当答辩了,1
你多少也是有点问题,1
不然这样吧，既然你也不知道怎么办，我给你两个选择，1.让你爸蔉，2.让她蔉,1
那你平时吃的东西都是从卫生纸里拿的？,1
有电脑还会玩原神这种垃圾游戏,1
吧主是我儿,1
我也觉得，动不动就宝贝看着都恶心，不管是男的女的，看着都想吐,1
不敢逼他，把它问急了跑了就没乐子看了,1
性别一换照样挨喷。虾剥好了用卫生纸装起来放到口袋里给别人吃，不说卫不卫生不觉得恶心吗,1
狠狠地输出她 让她知道,1
纯畜生白眼狼，她似了就没事了,1
这是黄色废料彻底入脑了，没救了,1
这种男的怎么可能会动真情到处钓鱼的脑瘫像八辈子没见过女的一样,1
你为什么还在理她呢她不会理性思考这是对人的礼貌与尊重，她只会和好姐妹在背后****吊着她，等她通过各种手段让你心再次偏向她后，你就知道什么是地狱了,1
博爱是吧那么这个贴我只能说好死,1
别人不是生来没有楚女墨 难道还是被富哥透破了吗造女孩子黄桃的瞎透男找到了楚女墨就是福泉志的谎言 是媚男的印记,1
在她变成科莫多龙之前我不会说一句话,1
下面放聊天记录#仙男#,1
您刚从咸菜坛子里出来？可真闲,1
自己三千要求对方一万,1
一个天天靠卖吟拿她男主人钱花的妓女罢了，男主人快死了再偷走他一半财产,1
那你点进来干鸡毛,1
桌角吃进脑子里了?,1
那你提你奶奶的♀大学生呢？还辅助，不就是想迅速找两个异性高手给她解决问题？人家题主自己都没觉得有问题，你们这帮rz开始脑补了,1
长得又创意活得有勇气 。,1
我当时的心情想过去是直接一把把那个挫男给刀了,1
你又知道是不是了？几岁啊,1
这些母狗拍自己就化妆滤镜美颜拉满，拍别人就很随便，真踏马,1
飞机打上天，给你带来了什么启示？,1
平常拿金箔擦嘴是吧。。,1
贴吧的小丑别嫉妒 妹妹对我很有礼貌 这把必定拿下,1
放屁。赡养义务不包括做饭请客。遇到这种老逼登，直接断绝关系，赡养费每个月按照法院判的给点儿钱当施舍给叫花子。这不比现在轻松多了？,1
?你想颠覆什么 你发这些什么意思,1
Joker呀，暗示什么,1
不如原神,1
抑郁还不赶紧分，那天把你啥了,1
骚刚每天打呼噜响彻天际，好像那个嗓子里卡了一头老牛蠢驴和拖拉机，让他去医院检查一下，怕他猝死了他也不去，拍醒它的下一秒呼噜声又会起来，我们现在每天晚上睡觉都要带耳塞，简直就是地狱,1
这些女的真脸和尸体一样还说别人啊虽然假脸也丑,1
说白了，吧里一群脑瘫人丑没人要，想玩又不敢，人怂又怕死，活该,1
我实在是看不懂这些弱智操作，这女的哪里好了，一次又一次的提钱，每一次都能屈服的给钱......,1
4，飞盘高手2的升级版，堵在门口后死活不让我端过去，一定要自己端，然后啪的一下没接稳摔了，你踏马真有毛病啊？,1
牙长得跟戴佳伟一样,1
有母式做题就是快,1
tm你是富到逆天了，适当请一下差不多了，顿顿给人家出钱，得亏你是当兵的，这都没发现不对啊,1
分不分先不说，你以后能不能不要这么恶心！还发出来让这么多吧友想吐！什么都报备，还各种对不起我错了,1
还有很多机会，你觉得隔应接受不了，那就好好谈个母胎单身的母鼠结婚不香吗？能母胎单身到二十几岁的母鼠，长相过得去的多半也有洁癖，你别批瘾犯了。我在孙吧之前看到过一个帖子，内容是大概是女朋友因为我不是雏男选择分手了,1
能不能给你那破博弈字体换一换啊,1
男人送几十的确实下头,1
人家减肥减腰减屁股，为什么你非要从脑细胞开始？,1
打的好，父母又没原则性错误，当子女的这样埋怨父母已经是不孝了，还半夜踹父母房门，这要是我弟我妹这样干，我话都不说一句上去直接踹。越发癫我打的越狠，不往容易受伤的地方打就行了，腿上屁股上随便踹，放心打不出来事，最多疼几天。,1
xxn,1
你纹你的，我歧视我的，大家都很自由捏,1
逆天！！！,1
还真是，江西经典钱少事多消费高，小领导大架子，处处形式主义,1
关于相处两年，才知道对象是XXS这件事。,1
这下真是全国各地可飞了,1
这女的是不是有点毛病,1
哥也是甘肃的，班里另一个甘肃的女生也逆天，不是TM甘肃是不是水有问题啊,1
我日你妈,1
偷外卖的都是点活不起的剑冢,1
男的恶心起来也比下水道的蛆还恶心啊 兄弟你不会是被女的骗过吧 不然也不会这么应激,1
不懂立法就别脑补，很幼稚,1
搞笑,1
自己老婆不忠的，怕不是龟,1
恕我直言，这个社会对女的太宽纵了，犯了事也可以不追究，追究起来也可以大事化小，还打架，遇上我，没有法律在，这五个女的，要不要她们的名，取决于我想不想下死手,1
快点儿发老东西。,1
抑郁还不赶紧分，那天把你杀了,1
滚nm的什么傻逼,1
楼主汉奸,1
你这种芬宏那c最该死,1
院子怎么不发nt视频了？,1
天dy刷xxn 导致我现在22一点谈恋爱的意向没有,1
快进到离婚打官司男方获得0.5%财产,1
流量女星至少还是正八经演了电视剧电影的，不说演技有多水，至少是个工作。肖战之流也是，至少人家真干了工作，丁真真的是啥也没干，别告诉我配合摆拍几个没有技术含量的视频算工作。,1
庇荫犯了属于是，搁这玩尬的,1
跟xxn有什么区别不知道，跟你们的区别就是，不会被xxn爆金币，不会变成冻肉躺冰箱里，也不会被xxn亲爹图了满门,1
我之前在食堂遇到个巨大的非常大的坦克我也顺嘴说了句坦克然后就是眼光直视我仿佛要把我看穿,1
原神都不玩？,1
抄个皮怎么那么墨迹,1
屁股都烂了还上厕所这么慢,1
我的评价是，这还不跑？你是沸物？我对象昨天刚跟我检讨最近和我说话说的少，并且之前还是她先给我爆了两次金币不过鼠鼠也不是小气鬼，后来爆回去了，比她两次爆的加起来还多。你真窝囊,1
这种在我看来就是鶸痣,1
你塔姆今天别想上桌了棍倒阳台去吃,1
借楼，一眼编打脸了会自己发出来？明显是和姚玉玲一样男的yy,1
给你脸你得要，与你说话是客气。,1
这老登确实欠,1
我看你这不是吐真言，完全就是被说急了无脑喷粪,1
要么视频没看就犬吠要么纯纯没脑子,1
逆天朋友圈,1
妹妹带的是什么表呀？太好看了，好表啊！,1
滚nm的什么鲨彼,1
你真是个晚餐跟你这种dinner没法交流 拉黑了,1
照片搞出来威胁她给你当星怒的,1
酒吧里还有人奔着谈感情去的？,1
回复 贴吧用户_J5GCEVU  :老东西，和她说：那我没破你处，就不给你房子，车子，票子了,1
小仙女竟在我身边。平时一直给我推荐这个吧。我也时不时看一下。,1
关我屁事，活该,1
腿真行，脸不行,1
你能把她气到icu,1
天天发你爹？,1
不如去玩原，这样别人只觉得是原神导致的，而不是你本身就这样,1
这还不分手？给人当atm当出高潮来了？,1
老登只想抱孙子，并不会考虑你的感受和孙子的未来,1
波司登都比这个有设计，这玩意纯纯的祖传单调配色+显眼刺绣，真的土，不知道有啥好穿的。贵的羽绒服上万的多了去了，有钱人也看不上这玩意吧,1
波刚真恶心，xxn一般都是丑n，靠这个能鉴别个89不离10,1
冷知识，你们当成亲爹一样各种连洗带护塑造成一个受害者委屈人设的幻风是真投毒威胁过身边人，精子哥的小作文一直放不出来被嘲讽薛定谔的小作文，而你大安爹一句几十万私信你们这群液盅东西又全信了,1
健身人士一定很喜欢这个帖子 因为这帖实在是弱智,1
飞天上智障,1
要发就正常发，要么不发，你这不纯e心人吗,1
淫水回流大脑，音地控制思考,1
更这么慢 不骂你骂谁,1
热恋期小情侣觉得对方可爱没什么，但是没有过被人爱经历的滴能只会觉得是抠搜，连热恋期的感觉都没尝过的人不知道什么才叫两情相悦，一眼丁真鉴定为缺爱波刚,1
分了吧！楼下五金店买把工具。,1
现身说法了属于是,1
我家狗崽崽性功能强你要不要拿一根胡萝卜塞塞？,1
这货纯傻狗，在贴吧被骂，在小红书也被骂,1
你这个骗子，大家不要相信你。,1
这种在我看来就是弱智,1
你是个废物，你什么都做不好。,1
脑谈,1
狩猎时代，哪来的小麦给她吃？吃点浆果野果得了,1
长得丑才叫胖，我这种叫丰满,1
要不你去美国试试。直接一个清空弹夹,1
这种脑回路的人挺多，放到大自然都属于自然淘汰的那种。,1
冷知识，你们当成亲跌一样各种连洗带护塑造成一个受害者委屈人设的幻风是真投毒威胁过身边人，精子哥的小作文一直放不出来被嘲讽薛定谔的小作文，而你大安跌一句几十万私信你们这群野种东西又全信了,1
就现在女性的消费观，没有灰产没有舔狗，有多少能养活自己的,1
经典倒打一耙唬龟龟这一招最好用了捏,1
鼠鼠也看过，但是哥们你是不是有所误解，别人佐为是引导新腾广的成长，三观正确！你tm和一个小仙女藕断丝连，忍受家暴还怀念，我只能说，当断不断，反受其乱，再说了，你踏马不会再找一个女朋友？全世界只有家暴女？,1
问问价≠我要卖,1
我最厌烦的是那种欺骗的，比如你就是个炮王海王，打个什么各自钉子酒吧夜店月抛，那这种人敬而远之就好了。怕就怕那种装的人模狗样，实际背地里是反差还装纯回老家找个老实人接盘那种,1
上帝把智慧洒满人间，却给你打了个伞,1
我都怀疑你是不是真当过鸭,1
什么dinner，话都不会说,1
你是真没救了，谈恋爱又不是结婚难不成给你整个大钻戒？,1
不是你一个atm问这么多干嘛,1
袁世凯李鸿章都没急，某些人急什么,1
有意见憋着，不然牛牛给你嗦烂,1
祝你不孕不育，儿孙满堂。,1
去了国外的确实成极端女权可能性很大，之前有个高中同学，去了趟国外回来也打拳了，我觉得主要是丑人多作怪,1
跟傻子一样,1
符合对小红书用户的刻板印象,1
臭鞋糯米鸡还在lpl，他是不是以为自己拿了个解说杯就以为自己很厉害吧,1
出于好奇买了一盒 纯狗史 电子烟都比这个好抽,1
开车的有点素质行吗？敢挡xxn的路,1
为什么要求别人的时候，不先看看自己有什么呢要求对方180+帅，自己就得165+c奶对方清本清博，是不是自己得北本北博要求对方赚钱，是不是看看自己赚几个钱，清华博士毕业做博后你都看不上，那请问你几千块钱没事就在家扣自己的b，你就瞧得起你自己,1
好似，开香槟,1
笑死全是女的,1
这证明这部分xxn从根源上，从世界观价值观人生观上扭曲了，连最基本的道理与黑白是非都无法分辨了，那它们毁灭的那一天只会来得越来越早捏,1
银水回流大脑，音地控制思考,1
学历封顶是初中，不能再多了,1
我个人感觉挺幼稚的，感觉给小孩看正好，不过我小时候都是看成龙历险记这些，看不上这种低能剧情,1
女的无非批瘾犯了呗，你喜欢就拿下，不喜欢就别跟她说话不就得了,1
小东西还挺会串,1
笑死，脑子萎缩的芬宏看人家幸福美满眼红了？,1
谁在帮女性说话你们都看不出来，简直就是智障。说是钓鱼的一律是帮女性的洗地,1
真是个烂好人,1
没问题是没问题，假设有车有房可以找更年轻一点的，35，可以找30的，不是说女的一定要下嫁，男人永远会喜欢更年轻漂亮的,1
你怎么跟个撒子一样,1
再臭也没有她的beta臭,1
上去一脚把西瓜踢碎也别让他吃,1
看到xxn对自己人也这样我就放心了,1
相亲带闺蜜，洞房你们是不是还要观摩啊？朋友聚餐就朋友聚餐，从头到尾没看出答主有付钱的意思，这就是“帮助”是吧，我们xxn果然是天生就有爱人的能力啊，请讨口子吃饭花一千多，你怎么一直不说自己工资多少啊，这么随意。第一次见讨口子还嫌弃主家的。,1
1，跟抽tm立白洗衣粉一样,1
"Rt, 楼主最近训练的GB舔狗约克郡女孩儿，豪放的咧",1
你被弱智钓到了,1
对你封建罢了，跟别人谈的时候就浪，跟你谈就要婚后,1
出生的时候少了哪根染色体吧？太逆天了,1
一般这种我不看直接骂,1
妥妥的蛇精病嘛,1
女鼠鼠？脑婆脑婆我给你下跪了，求求你把v给我吧，我见第一眼就爱上了你，你是我人生中的灯塔，照射我前行的道路，一天看不见你我就感觉难过，整天昏天黑地的生活着，你就是我的明天，没有你我的世界是不会开花的,1
我划过别人车，还成功栽赃给别人,1
交给你个艰巨的任务，不停地做圆周运动，这是你能做的最大贡献了。,1
惯不了，爆地点，我暑假把他鲨了,1
没谈过质量好的女人吧 谈过对这些烂裤裆一点感觉都没,1
长的帅就是有优势啊，实话罢了。以前古代做官都要帅哥呢，长的丑你才华再高也没用，面试就刷掉,1
185才80斤？谁家骨架,1
哪有射？我看你是批瘾犯了,1
就是一堆喜欢搞政治正确的奇葩，不允许别人歧视某些逆天群体。再深入一点分析，就发现是xxn想限制正常男性的言论自由才发明了这词,1
不要把自己想的这么好 还纯爱战神 你21岁拿什么贷款50万 就算贷到了 拿什么还 不还是靠父母 👻男死一死,1
什么倒霉老婆，你怎么和她结婚在一起的，这倒霉玩意怕不是故意想恶心你,1
老东西给我磕一个,1
小屁孩事还挺多,1
关于情绪不稳定这点，我觉得如果她能意识到，说明她还是有点自知之明的，能控制一下的，就怕有的活了38岁还不知道自己是个什么b样子,1
你被若志钓到了,1
不行啊，太正能量了，我眼要瞎了,1
nt，二手货事小，欺骗是大，满嘴胡花炮火车，找再多借口也是骗子，骗子是最恶心人的，现在骗小，以后骗大，想清楚吧，我是建议分的,1
fw啊，你不承认是你推的她，她哪来证据说是你推的导致她骨裂的,1
甚至有点细狗。,1
真的有吗？这种人太魔幻了吧，不敢想象怎么在他周围生存下来的,1
嘴巴上长的是梅毒疮吗,1
小头控制大头以后有你后悔的,1
"事实胜于雄辩，但雌辨胜于事实，脂肪压迫了声道，大脑连接了欢乐豆，一动脑就爽死了，银地链接大脑，高朝代替思考,摘蘑菇没洗手我看是扣出幻觉了，读的书叠起来没有音醇厚，下回发言之前把紫色心情调最大档插脑子里震震，也算是说话前动了脑了",1
立牛魔的人设 喜欢就上 不喜欢就拉倒,1
嘴巴上长的是没读闯吗,1
你的钱就是她的，她的钱是她自己的,1
你怎么跟个傻子一样,1
不敢发自拍都是在YY，不仅欺骗自己也是在欺骗吧友,1
化淡妆其实还可以。浓妆真的恶心,1
真要有帅气富二代 她闺蜜不自己留着？,1
快进到小丑环节捏,1
你长得这么有安全感，不会有危险的,1
太反人类了，建议发配火星发展成火星文学，地球的氧气对于她们来说都是多余的,1
不熟他还在那里乱叫明显就是想表现，不行了就戳穿他可怜的自尊心,1
急了？xxs，猛猛吸一口吐你脸上,1
怎么？有男的在怕吃你卫生巾？你该借就借不就完事了？读完高中上女校，躲三年是吧，出了社会几十年，我就不信你能给自己永远封闭在自己构建的只有小仙女勾心斗角的世界,1
我也没花你钱也轮不到你说我,1
一头猪的猪板油炼出来的都没她多估计,1
你自己买吧，别恶心8u了,1
这个dinner你也学是吧你比dinner还dinner,1
我希望你失败，你活该。,1
2024年年度小丑宣传贴,1
吃饭都能被噎死，你绝食吧,1
就是假的，通过别人好友请求时根本不是那样的。不少dinner非得杠。,1
建议把有艾滋的和吸毒的豆沙了,1
贴吧，但是感觉挺像小丑的我就又删了,1
xxn又开始以偏概全了，呢我还说我见过女的要给人当肉便器的。天天在这yy挑起性别对立。有这法典的时间不如抠抠自己,1
刻薄嘴欠和幽默是两回事，别把没教养当做有气场,1
nnd 你小子油盐不进是吧,1
放大看露点了，黑黑的葡萄,1
他都玩原神了，你还想怎么样,1
没办法。小仙女白塔都烂完了说感情白纸说到痛处了,1
女性员工不会做这种事，鉴定为男的反串,1
什么逆天xxn,1
恶臭的名字，干拗的面孔，引人不适，还大言不惭说自己是好人，奖励哥坏人！,1
棒子传统体育的素质确实太差了,1
华为被一群狗到处咬，搞得像做了什么叛国的大事一样#(吐),1
小脑发育不完全 大脑完全不发育,1
和我当室友吧，皮炎都给你,1
有说让老人一个人在家吗，怎么，你照看就能确定一点问题不出,1
有意见鳖着，不然妞妞给你嗦烂,1
我一直想要个女儿，但真怕变成生物爹,1
操个批怎么那么墨迹,1
你这哪里来的逻辑？抛开事实不谈？同样的考试？同样在哪里？,1
这种一般和我一个病房,1
你跌在说戒不了炉管的废物 没想到废物自己就对号入座了,1
有男闺还谈个集贸啊,1
楼主，我找到个小丑，打开前置摄像头就能看到啦,1
小仙女其实很怕霸体的，说真的，在低端局，小仙女甚至打不过孙笑川，只不过最近很多小仙女穿三视频带节奏，搞的小仙女特别强，真的，不如神里绫华和界徐盛，门酱等,1
你有没有想过是你自己的问题，她换个别的男的，说不定服服帖帖的，,1
孙贼，你挺会玩啊,1
觉醒觉多了,1
加上可爱特效，以为自己呆萌可爱，在我看来这纯属是dinner中的dinner，先给他四个一人一巴掌,1
你的智商和喜马拉雅山的氧气一样，稀薄。,1
错误的，马桶回来还要祸害人,1
出事就好死,1
劲夫说的对不愧是女人克星，评价总是一针见血的,1
经典准备买车,1
你真是个烂人,1
杀马特团长你等着我，我和你没完，你等着！！,1
把她约出来，看能不能日，日了再说,1
这种一般和我一个病房，你出去吧 这床以后归她,1
相由心生，猪头猪脑,1
我都没敢看给你发鸡毛,1
嘴巴如果闲得慌不如去公共厕所挨个把马桶舔干净 做个人人称赞的好东西,1
他爹要是知道他是这玩意，早把他擦纸上了,1
她父母放弃治疗了她还愿意回老家  怕是专门出来钓人治病的  然后真让她钓到一个,1
人情世故确实是糟粕中的糟粕，有用也只是损人利己式的有用,1
老东西说话就是刀刀入肉,1
你不是演小丑的那个？你真意识不到啊,1
你跌在说戒不了炉管的飞舞 没想到飞舞自己就对号入座了,1
大学生没事干建议去哔站看抽象编年史军师姜伯约的，易拉罐速成班，教你早日成为易拉罐中的人上人,1
长的太丑了，一无是处，只能来网上找存在感,1
这个脑子没蛋大的家伙，不会连感人贴都要鉴定吧,1
被骗还还咬上了是吧,1
这个是真难绷本来以为不是男女朋友，直到看见坦克从男朋友碗里夹菜才确定这个事,1
你直接纹个原神吧,1
你老婆是不是没爹,1
又撅醒了是吧,1
BYD吃太饱了,1
有没有可能是她转述的时候美化了一下，原话还是屎,1
别人不是生来没有楚女墨 难道还是被富哥投破了吗造女孩子黄桃的瞎投男找到了楚女墨就是福泉志的谎言 是媚男的印记,1
这个版本是让你来当曹操NTR的，不是让你来当纯爱战士的，趁她还没报警透了就赶快跑，好女孩别辜负，坏女孩也别错过,1
京✌果然够牛,1
小丑哥布林也好意思来,1
兄弟。我虽然这一段感情有点小丑，但我某种意义上算是老手，我就说一点，别给女的花钱，给自己花钱。,1
是玩牙签乱跑的小xxn,1
运动场、战场上的女人那叫顶半边天，在一个酷似猪窝且只有2平米范围能站脚的出租屋里刷着dy逛着小红书拍个视频说**，兜里掏不出79块钱160斤底子好微胖的xxn那叫顶半扇柜物。,1
早就脱了她们的衣服，仑涧她们,1
一眼中专哥，0,1
虽然工资低 但你需要干的活多呀,1
一般这个时候，你为这个b花钱还没感觉的话，这也太龟了,1
你是哪个村的猪这么膨胀？,1
你这种玩原神的不配说话,1
化淡妆其实还可以。浓妆真的ex,1
这不是恰好说明我们山冻女人好看？你是酸了？,1
老东西先顶着，绿牌蓝牌先润,1
好逆天啊，真的假的啊，这女的没事找事吧,1
怎么和xnn一样？,1
找处没问题阿，人家女的不是摆明了说不是了。这楼主还在这问来问去的，确实够恶心的。,1
还多bb啥，不上去抡他？,1
咋了？被撅了,1
可别，龟男就应该要这样对待。支持xxn,1
怎么没有气死你,1
这么会抬杠，工地需要你,1
刚消停了一段时间，又出来找存在感了,1
扣扣得了,1
帅的才能叫男大，丑的叫智慧哥布林,1
所以说有时候人与人之间的差距比人和狗还大，比如复活吧（    ）,1
你真是有病，你跟这种人讲什么理？这种人和那些打拳打魔怔的都是一个类型的，你真以为是个人就能明理？你有在这跟他们吵的时间你干什么不香？,1
俩人年龄加起来没我鞋码大,1
太难绷了,1
她总是妄图傍个爆米的富哥从而飞上枝头变凤凰，上学期傍了一个，结果人家根本不喜欢她，她反而到处肆意散布谣言，让人家难堪,1
这样的，以前恶心xxn，现在恶心我们,1
你是什么品种，怎么这么凶,1
不上去橄牠你怎么好意思发贴,1
太瘦了不好看,1
乐，如何评价,1
离婚带娃脾气差 娶她不就是娶个祖宗吗,1
我 操 私 他 的 妈,1
妮哥和白猪和黄毛xxn可是扒好了小学，翻白了眼睛，伸出了舌头求着人家入呢。,1
刚消停了一段时间，又出来找存在感了，难以想象这种人也有粉丝,1
整个班都没有考上大学的。。传说中的放牛班吧,1
你小子，mxz经典言论是吧,1
atm成精了有了自己的意识,1
她这个条件单看是不过分，但是有车有房的男性根本不会考虑她这种大龄离异带娃还情绪不稳定的女人，宁愿找个条件低些的年轻的没娃的情绪稳定的,1
byd鞋附魔了,1
该死！拉出去枪毙没有误杀,1
拉托答辩在他被窝里,1
这叫制止家庭暴力 懂么？大半夜踹门 这是想干啥？菜 就多练 打不过 就别主动挑事懂么？,1
别人不是生来没有处女膜 难道还是被富哥透破了吗造女孩子黄桃的瞎透男找到了处女膜就是福泉志的谎言 是媚男的印记,1
小头控制大头以后有你后悔的,1
尚桌吃饭吃多了导致的,1
上桌吃饭吃多了导致的,1
怪就对了，小日子这个名族干出什么事都不奇怪，时刻都要提防着,1
真是纯纯的fvv吧，人家住你家当寄生虫也就算了，还对你暴力行为，你这也能一次次心软？没看懂你到底在干嘛，一次有效的反击也没有，再这样你就难受一辈子吧,1
有个新闻是结婚十几年仨孩都不是自己的，相比下来楼主还应该有个亲生孩子。楼主还是倒霉啊，都怪这群xxm 老xn,1
我也来一个你拿了那么多钱，不就是等着被人偷的吗？要想不被偷你就别拿钱出来,1
别人不是生来没有楚女墨 难道还是被富哥投破了吗造女孩子黄桃的瞎投男找到了楚女墨就是福泉志的谎言 是媚楠的印记,1
除了楼主是秒男以外没有任何解释了,1
你有时间去山海经找找自己。,1
哈人，一个剃须刀给了就给了这不赶紧分了你还抢鸡毛,1
任何人工智能都敌不过阁下这款天然傻瓜.,1
为了反而反，见证智障看多了我怕影响我的心情,1
你这出生有点恶心,1
那你提你nn的女大学生呢？还辅助，不就是想迅速找两个异性高手给她解决问题？人家题主自己都没觉得有问题，你们这帮弱智开始脑补了,1
不是，她都这样了你还谈个鸡毛，倾家荡产还想着留学，没钱还真敢想。,1
看来都学会反串了，什么时候师夷长技以制夷啊,1
都是这些东亚病龟舔出来的,1
先抠干净鼻屎,1
这种自私的人当时就该断了，你这人也真是懦弱无刚看的气死我了！即使你很伤心我还是忍不住骂一句，飞舞！,1
纯纯的dinner,1
说实话，感觉小孩会受不少影响，有墙还是出现了一些esu群体，现在还在向低龄化发展，墙放开后，都不敢想象小鬼能成什么样,1
学dinner的dinner，比dinner还dinner,1
很明显的讽刺xxn,1
绝经牢登也有春天,1
这个b开学了，得晚上才能爆他金币,1
秒男吧，她怎么这么大火气,1
8u们有没有喜欢他的。看完感觉三观碎一地,1
这人属实初升,1
速速爆金币 他牛子肯定会坚持不住的,1
所以前提是女的没有明确拒绝啊，很多女的也有自知之明，知道自己颜值和条件不怎么样，有人要就不错了,1
中专的素质哥发现一条内裤就扔垃圾桶，大叫别人没素质虽然我没有用过洗衣房里的洗衣机但这种dinner也可以当乐子看捏,1
怎么不让她滚去睡沙发,1
干过，当时一群人冲着他尿,1
烂货，别搁这里发癫,1
咋？你就这么悲观？非要找个别人上过的？处男找处女不是常识？,1
csgo是原神能比的？,1
跟xxn有什么区别不知道，跟你们的区别就是，不会被xxn爆金币，不会变成冻肉躺冰箱里，也不会被xxn亲跌图了满门,1
批瘾犯了就直说.,1
笑了就撅你老婆,1
工作，每个月自己连房租+生活费自己只留3000，剩下的不管多少都给我妈保管，攒下钱以后结婚用，xxn直接逆天发言，问我钱给我妈干啥,1
没大奔你就是个勾罢,1
给我两千我干一夜七次都没事，只要钱到位,1
你和我们说有什么用？我是你早就扇自己几耳光了,1
别随便嫌一个女生幼稚，她要是不喜欢你，比你妈都成熟。,1
最逆天的一个,1
不会说话就衮,1
什么小丑,1
似了母的这男的，真即把下头，上来直接怼着问感情史智商低情商也低，不会聊天建议重开，就这脑瘫水平还搁网络上找对象,1
难蚌,1
那你活的真累，别人说你长的丑你就去整容？说你买的新车垃圾就卖掉？说你走后门进公司你就辞职？那我可太佩服你了,1
我也喜欢芋圆的白虎小穴,1
把你眼屎擦了，看清楚再说话行不？,1
也不是那么交际花，她明明讨厌班上一堆男生但是还是要和他们玩的很好彰显自己的人缘好,1
昨天鼠鼠在校园漫步，发现一个特高冷的小妈类型美女，然后突发奇想，想试试如果纯当沸羊羊需要多久能和一个高冷女神在一起，刚好最近搞副业比较富裕，有经费去给大伙做实验,1
这种恶心的男的没脑子的乱叫，姐妹们避雷贴吧,1
有男贵还谈个集贸啊,1
四川龟男名不虚传,1
一日三餐都在吃shit的低能xxs,1
厕所do，发出怪叫， 8u们怎么说有攻击力嘞尸体镇楼,1
我们xxn是这样的,1
多睡几次吧,1
byd还敢生二胎,1
玩原神导致的,1
垃圾坏人罢了,1
接nm语音，干他,1
逆天，多套几次，套腻了就找理由分了，不然一辈子都惦记着，难受一辈子,1
本来吧里干的都是好事，发XXN逆天的言论，也是警惕大伙小心这种女拳表,1
关心你什么，关心你棺材要滑盖的还是触屏的吗,1
少在我面前装腼腆，一看你就是不要脸,1
好几个吧友跟我一起欣赏了一下她 说明这妞虽然不守妇道值得喷 但还是挺有魅力的 那我干脆把她的价值发挥到极致吧,1
死母中医粉别恶心人了,1
不对呀，我就本能的扇了对面一巴掌，就把我罚下来了，这在我们韩国可是本土特色呀,1
性奴罢了,1
又是经典的紫色心情塞错了地方导致漏电电坏脑子的症状,1
洋务运动要初中才学捏，XXS一张嘴就暴露了,1
你确实没有审美。下巴的美颜像个鞋拔子一样,1
龟男还活着干嘛,1
早上四点的时候，鼠鼠依旧保持着良好的作息习惯，这个半年多没联系的脑瘫突然就找上门,1
可能那里都不知道被内个多少次，所以急着找一个接盘侠，到时候一结婚就跟那个接盘侠说我有艾滋，剧情我都无法想象了。在社会真的开放了呀，傻逼都开始立贞洁牌坊了,1
不懂就别装必了，楼主这条件距离原远点还能慢慢培养感情，距离近直接就跑了,1
两个都不满12岁？那现儿童版本是不是已经超过xxn版本了？如果用儿童版本对抗xxn版本会怎么样？,1
太像演的了，说句难听的，你玩互联网知道孙笑川吧不知道小蓝鸟？玩孙吧装纯情男你是不是脑子有点问题，这种随便找个擦边的博主截个评论不就完事了？那我截图一个拜登窜稀了那也是真的？,1
那我只能祝愿你未来的老婆被别人内射过了,1
爸妈不肯救，彩礼还听爸妈的，这女的啥成分啊,1
躺着数钱，当然只会讲bi话啦,1
真是fw啊，一点尊严都没有，她劈里有大嘛你这么沉迷?,1
快进到笑梗不笑人 快进到网友比得上这些人吗有资格评价他们吗,1
两个脑瘫,1
没事，我看不上女的，更看不上你们这群通讯录,1
一边当早餐吃也能吵起来两波dinner,1
你要是有病别找我，我不是兽医。,1
你个小登发三遍是吧,1
什么神偷老登，哈哈哈哈,1
去逆马的耳鼻，哭个戟把哭,1
急眼牛魔，看看楼主楼中楼你就知道这人多逆天了,1
今天敢买卖小猫，明天就敢贩卖人口,1
逆天,1
楼主的牛牛没有她对象的大？,1
一眼dinner,1
国足这群辣鸡都能炫耀了？,1
神tm反动派，别害得我刷不了贴吧,1
混账，这种🐦人就该嘶,1
2，莫名其妙动机不明的客人我也不知道是我家店的问题还是什么的问题，总有脑蝉客人喜欢点完餐之后堵在门口，牛魔的你又不是打包的为什么不能去座位上等啊，堵在门口我盘子又端不出去我泼你脸上是吧,1
这里是我家，该滚的是你吧,1
老东西口才真好,1
缘分是本书，翻得不经意会错过，读得太认真会流泪。,1
"所以别信男人的18cm, 平均也就9-12cm这样",1
仙女失去饭票后气急败坏破防了,1
你的作品真恶心，你应该放弃。,1
哥布林别出门吓人,1
v50000看看实力,1
这几个还想高人一等,1
叫一伙hxd一起把他锤一顿,1
还发现呢你也逆天,1
不会网上搜？,1
你这个白痴，你懂什么？,1
卧槽，居然是xxn!,1
从小没碟的cs说话是这样的,1
赶紧死xxn经典生物爹,1
她羡慕你有爹了,1
鼠鼠被学历薄纱了,1
史中史  不知道这游戏是在玩什么 每天看着电子骚鸡意淫就是原的最大乐趣了,1
长得那个哔样，还幻想有尹志平,1
捕捉！抓到了，给我操一下,1
如果你能主动让科学家研究，这样对世界了解外星生物的事业作出了很大的贡献！,1
怎么没有雌小鬼,1
有吧友在看吗，感觉自己在这自言自语像个深井冰,1
有对象就还是算了吧，多少有点膈应,1
举个例子，我室友过生日，我提前说好了，我去吃饭，喝了点小酒头晕乎乎的，回去我给她打电话，她会发癫生气不理我，要哄好久才可以原谅我。,1
脸长的跟矿泉水瓶让人踹瘪了似的，我明明看你从泰国医院出来的，怎么还是这样。,1
她变哑巴了，鼠鼠要是先引出话题就成小丑了,1
只发对方的照片而不发自己的照片，既可以贬低对方凸显自己，又不用付出任何代价，零成本维护自己可怜的优越感……,1
把水印去了，给这图丢人了,1
丑恶哥，老登上网找同类,1
深受网络毒害，楼主也不要自诩清高,1
线上都叫孙哥 线下不得叫爹,1
废物,1
楼里一个个说和赌毒不共戴天的不会都是瓢虫或者鸡吧,1
真是m里的败类，拳头不如龟头硬直接重开的了,1
说现在的人容易早熟 所见的咋都这么鸡巴幼稚呢,1
以为谁都跟你一样被小头控制大头呢,1
有意见憋着，不然牛牛给你说烂,1
早上了byd没死赶紧讲,1
输入错误~~~~~锤砸~~~~~~~ATM质量太好，砸不动~~~~~~~~~~~~~XXN崩溃中,1
到你这没蚌住,1
仙女到处都有,1
有义务上战场，大家都是普通人，就你高贵上了是吧,1
你的长相很提神。,1
被他前女友恶心到了#逆天#,1
讲真的，你这逼痒是真的坏啊居然干过这么多坏事,1
果然有水军挑动男女对立，藏的这么深的屎都搬过来恶心吧友,1
可以帮助我们遥遥领先[吃瓜],1
能不能当我的性️,1
赶紧A上去，给吧友表演一下小丑,1
你的三观是正的 一个美国烂大街的便宜货有什么好显摆,1
没见过被迫害妄想症会发视频的，她不怕别人看视频找她？纯纯的作秀罢了,1
嘴和屁股长反了,1
你的智商还停留在胎教水平吧？,1
你真的是条舔狗,1
哥们建议你现在速速去转发原神抽奖，这样子大家就会以为你是因为玩原神才变成这样而不是天生就这么弱智,1
吃shi吧你,1
想什么呢，人家说现在结婚了吗，最后说不定回国便宜某个龟♂了，玩玩就跑的难道只有♂的吗,1
小仙女的蠢真是刻在骨子里了,1
支持，狠狠地骂，把他的轮椅塞他皮燕子里,1
蚌埠住了。,1
楼主还想着透后面推屁股得了,1
谁在帮女性说话你们都看不出来，简直就是纸张。说是钓鱼的一律是帮女性的洗地,1
那我只能祝愿你未来的老婆被别人馁蛇过了,1
受不了了，早就听说孙吧恶臭，本来都做好心理准备了的，结果昨天下载了百度贴吧一看真是给我恶心到了，孙吧里面的老鼠人比集美的13还臭,1
TM的吧友，搞这么抽象干什么,1
不是他也抽烟凭什么嫌弃之前舍友抽烟啊,1
本来吧里干的都是好事，发XXN逆天的言论，也是警惕大伙小心这种♀拳婊,1
要现在xxn已经开始发小红书打拳了,1
打游戏还真有拼学历的？我谁也骂不过，平常三人车队，只玩大乱斗，一般进去就屏蔽队友，然后开始和朋友边聊天边打游戏。要是我拿学历怼路人，不被路人当成小丑爆杀，我就谢天谢地了。,1
骂的真难听，不知道的还以为你出轨了，他肯定不喜欢你，只是想找个玩物,1
没父母是这样的,1
偷外卖的都是点活不起的贱种,1
吃亏是福，福如东海。,1
只有两种人最具有吸引力，一种是无所不知的人，一种是一无所知的人。,1
测了就分，让她男闺蜜接盘,1
跟你观点不一致就是汉奸了是吧？那你是什么？黄色俄罗斯吗？,1
薄纱这舔狗玩意,1
哥们建议你现在速速去转发原神抽奖，这样子大家就会以为你是因为玩原神才变成这样而不是天生就这么若志,1
你跟那个偷钱的㜅㜅是一路货色,1
…我挺奇怪，你们都废物是吧？工资卡还上交？无语,1
如果正常上下级，哪会有另一方裸照？要是出轨之后男的拍的，都牛魔出轨了，解释婚纱不婚纱情趣不情趣还有意义吗？,1
我只听过裹小脚，还没听过裹小脑,1
小东西爆牛奶,1
鼠鼠当场就一半小丑一半生气了，小丑当初快递寄到她家了，生气这小13不如实上报地址让我去找她,1
快进到在p站看到，真出国留学大多数女生都很容易在上面找到的,1
一上来就骂，一看就知道破防了，小仙女就是这个样子。,1
好死,1
根据《孙法》第三条 在网络上贪生怕死，自动放下键盘投降敌人的，处玩三年以上十年以下原神；情节严重的，处玩十年以上有期原神。 投降后为敌人效劳的，处玩十年以上原神或无期连续打搅。,1
肯定逗骗子玩了。都玩孙吧了还能被骗那就可以gun出去了,1
急你马呢你不会也是这种知道不好吃又贵却又去吃的人吧,1
那你提你奶奶的女大学生呢？还辅助，不就是想迅速找两个异性高手给她解决问题？人家题主自己都没觉得有问题，你们这帮弱智开始脑补了,1
离婚了你也必须给她披麻戴孝,1
她/他都已经去相亲了还能是什么好鸟啊,1
这也要说两句，你肠没地方放看肉肠都酸？,1
才50多岁干点活咋啦我叔66岁还在工地打工,1
你咋不舍不得撅他呢,1
joker不看时间直接上台表演其实前文说的很清楚了,1
现在有点想死,1
你是纯的剑冢,1
其实就是让你花一千多然后教你去阿里巴巴找图挂闲鱼卖，是个人就会，还需要花一千多跟他们学？,1
标准个锤子啊，我们重庆这边也算矮的了，正常都有170+吧，平均身高是算了老年人的。我85年的180.5，同学里面排第3，矮的有，但是165以下的一个班也就1个,1
差评理由我不是说了吗，我点了一个四十，几块钱的荤菜。他全是素，就当我减肥去吃的。因为我自己在家不会做素菜。所以我就当素菜吃的，懂吗？,1
微信小号钓学校表白墙逆天哥，他已经颅内高潮了,1
从小没爹的畜生说话是这样的,1
我牛子也看不上这坨,1
靠恁娘，恁是真的烧啊小宝贝,1
今天在跟朋友皮，然后我朋友追我，我躲开了，然后我说了一句我是山里灵活的狗，然后一个逆天原批，连忙跑了过来，上来就问我，你六命了吗，我直接就傻了，什么六命，但是本鼠鼠很快就反应过来，这是一个逆天原批,1
这个煞避楼主，扭扭捏捏的，像个娘们,1
自己天天玩烂梗还不让别人说又自诩清高看不起别的软件又倒处复制粘贴的脑瘫,1
把她月出来，看能不能馹，馹了再说,1
xxn痒了都是主动去夜店被别人扣的,1
gkd，我要看原p,1
有一说一，你也是老痰,1
这还不分手？给人当atm当出gc来了？,1
找到屎自己留着吃吧,1
飞舞，天天网上骂人，现实中遇到了又不敢当面开骂,1
俩个畜生，鉴定完毕,1
你这头芬宏那c赶紧下地狱,1
感觉对你来说玩原神都算提高智商了,1
那是你能随便看的？小心告你视奸,1
老东西是这样的,1
能不能把话说清楚了，说的什么勾吧,1
死了母的这男的，真即把下头，上来直接怼着问感情史智商低情商也低，不会聊天建议重开，就这脑瘫水平还搁网络上找对象,1
经典让你猜，我猜她嘛还是处女我猜,1
我有密集恐惧症，不能接近心眼子多的人,1
小心你的腰子哦,1
尴尬啥，解决一个xxn，这不是华人之光？,1
如果吼能解决问题，驴都可以统治世界。,1
能不能别给她招魂了,1
xxn精神大胜利,1
什么网络用词直顺，就不能把话直接讲清楚吗,1
这破事还有流量呢,1
老东西还水？,1
别说当面骂你了，你要是听不清我还能刻你碑上呢,1
一个床！盖着被子纯聊天是吧,1
这个跟拳师一样的成分，直接骂就完了。,1
楼主倒是能把每个坏事都给对上，其他人都是蜻蜓试水，楼主是雨露均沾。属实逆天,1
长得像丁真,1
？电子厂都不要你 还说我完犊子了 你也不看你自己什么蠢样,1
笔是臭的，脑是萎的，母是没的，,1
感觉像编的，有这样的人吗,1
看她说的话是很不在乎身体，所以我的建议是楼主也玩玩，然后甩了,1
没刷到过，nt都是刷一个不感兴趣一个,1
关注邓伦你也就这样了,1
阴沟里的老鼠还敢在聚光灯下上蹿下跳，还要观众起立鼓掌？,1
捏麻麻滴都要下班了我命令你速速跟新,1
趁早离吧，这点屁事都这样，以后还不知道会咋样呢,1
然后单身到50一个追求者都没有,1
赢了，她拍了自慰视频给我看了,1
三年前，孙吧不就已经充满引流小鬼了吗,1
觉得我心机重吗？可我又不拿你当朋友！,1
你想负责不代表你女朋友想负责，等你大学毕业谈婚论嫁的时候，她早跟别人跑了,1
要钱你还这样？什么废物,1
这下是真唐了捏,1
贴吧就毁在你这种人手上，你的担当呢？绿牌都不怕，你怕什么啊,1
楼主没事 有和你差不多快的小丑 你不是一个人,1
你是漏屎佬吗？,1
不分留着隔应自己呢？非要那么龟吗？非要用二手的？,1
不化那个吊毛妆长的还过得去  我称之为唐妆,1
用伤害男性来博取眼球的逆天东西#唐妞#,1
不懂就别装逼了，楼主这条件距离原远点还能慢慢培养感情，距离近直接就跑了,1
第一次在孙吧发帖，实在是因为能聊得来的朋友们都出国或者在很远的地方，再不倒下垃圾估计要爆炸了，所以辛苦各位吧友当我的垃圾桶了,1
他都精虫上脑了，我还能说他什么呢,1
上来就隐私照，这逼痒的玩闪电战是吧,1
爆操她就行了,1
这哥们喝大了，没包两个蟑螂回去就不错了,1
初中学校门口卖散装的给杂皮娃儿，五毛一根,1
还发这种无聊的玩意，纯ylg,1
yy出来的,1
byd就认得苹果手机是吧,1
你还是去死吧,1
体谅一下，不是每个人都有蝶,1
也比你在这儿混吃等死强,1
和我同学一样，本来挺好的，考到北京公务员，但是在那认识了一帮富二代，然后就完了，你姐没救了，她只会认为是你父母拖了她后腿，叫你爸妈把她赶出去吧，就当生了块叉烧，不然以后更多糟心事,1
拳️师祖宗都在玩萝莉和卖小孩，看着小红书搞笑，也算为数不多犹太人干的好事,1
byd把我给气笑了,1
别对我大呼小叫，我小时被狗吓过。,1
真龟，被当狗耍了属于是，赶紧分,1
似了母的这男的，鸡巴把下头，上来直接怼着问感情史智商低情商也低，不会聊天建议重开，就这脑瘫水平还搁网络上找对象,1
抽卡养角色贵的一，所谓的大地图探险毫无新意，剧情也是屎，玩的我想睡觉,1
是它太缺爱了,1
印度通过互联网接受外界信息30多年，什么负面消息没听过，不照样求神拜佛，牛粪摸身，开放了能改变什么？,1
我支持她的想法，家里有女儿的国男都该有此下场，活该，完全不值得同情，生物爹这个专属称谓是他们这群废物应得的，当初生出女儿就该扔掉。,1
这话说出来多少沾点云了,1
很喜欢她的奈，很Q弹,1
楼主是铸币吗？,1
楼下说你芦管炸膛了,1
花自己挣得显摆显摆还行，花家里的就很唇笔,1
因为xxn就是个不劳而获的群体 产生共鸣很正常,1
你懂个鸡毛，你要真懂，你都不带犹豫的， 8u这么劝你，你还这死样，只能说人各有命,1
这个答案明显就是像说明男女和谐美好的生活，结果有个不动脑子的xxn直接打拳,1
8U们客观评价一下，如果没有那些低能玩家，原神是否称得上是佳作,1
你这种在种植园的嗨奴里是每天晚上都要被使用的,1
去会所想三百一夜卖出去都没直男要   懂了么,1
错了哥，下次我一定多改点，我这种弱智不配用米老师的文案,1
这么窝囊废，撕了得了,1
那还用赌啊，正常人谁纹身啊,1
别说石器时代，就是封建社会也是差不多的。所谓屠城，一般也是默认女的不杀的，女的算在财货里的，除非带不走，才会跟劫粮道一样烧粮草。面对杀了自己全家的敌人，女的又有几个复仇的？绝大多数还不是被操，生个娃，就那么过下去了……,1
我们男人最喜欢别没事瞎逼逼的女人,1
他女朋友B里有大麻,1
什么出生偷人家外卖啊啊啊啊啊啊啊啊啊啊啊啊,1
你配生气，你不是她的男努吗？,1
阳颜丁真，鉴定为：彼阳的畜生,1
你跌在说戒不了撸管的废物 没想到废物自己就对号入座了,1
一是你没弄爽她，她看不起你，第二，你像个沙沟，把她变成炮友不好吗，还负责  笑死我了,1
我要有个13就好了，可以给8u操,1
没付钱说不要了，笑死我了,1
有空一起去吃鱼吧，看你挺会挑刺的,1
666学个新词乱用，小脑估计也就这容量了吧[吃瓜],1
这就是一眼丁真！,1
反正对待极端母狗的极端言论，直接魔法对轰就完事了，要么大家都理性，要么大家都魔怔，惯着发癫母狗？不存在的,1
让狼、野猪日逼，也不让**日逼是吧,1
就应该狠狠的灌注！隔着屏幕我都感到愤怒！你要各种玩具一样上，最后拔套灌注！,1
但坦克也追到了楼下，还放出话来要喊人来弄鼠鼠,1
学校厕所抽烟的都是没母的玩意,1
现在至于为什么不分手，主要还是妹妹现实还是挺听话的，就是线上动不动发癫，楼主准备再吃一次小肉片就溜,1
你妈妈的，已经是个合格的二次元了。天天看个什么b动漫，听着初音未来的小曲。恋爱番看多了，脑子里也犯了抽，想谈一场恋爱。因为比较宅，然后在一个关于miku歌曲下面的评论和一个人争执了起来。最后我自觉理亏，让步了。对方哈哈大笑要我的QQ，想给我科普更多,1
有些男的就是有指导癖，不过吧，指导其他男的容易挨打挨骂，只能去指导一些他心目中啥也不懂的女的。比如图里这位就是典型的男厌女嫌身上有味的懂哥,1
难绷，这能告赢啊？,1
其实兔和神我都挺讨厌的，一个无脑黑外面，一个无脑黑里面,1
你就不会找到他现任女友拆散他，叫他没的透。然后你叫你女友给他打语音，你狠狠透你女友,1
恶搞这几位网友基本持吃瓜状态当个乐子，不过某些余孽不乐意了。,1
湖北佬是不是槟榔嚼多了导致脑子跟着一块纤维化了,1
想透,1
好好好淫起来了,1
你干脆给你老婆当挣钱的牛马算了，记得骗完你父母财产，上供给你老婆后，和父母断绝关系哟。,1
哎你这属实有点出生了,1
尝试攻她下盘,1
曲你妈的耳鼻，哭个戟把哭,1
v5000看看实力,1
吹NB能带动经济建设吗？吹NB能促进事业发展吗？吹NB能引领共奔小康吗？,1
楼主是猪逼吗？,1
牺牲腻吗呢，没事做去田里挑大粪不行吗,1
搞快点，能不能让她滚啊？,1
这个b长相和品行一样,1
那些东西有真蠢的，也有背后推手在推的原因,1
那就找个艾滋男友呀，一样爱情满满无所顾忌,1
不行给她磕两个吧 这样就不生气了,1
起来也是个没考上大学的笑话。,1
管我吊事,1
你不变小丑我看什么,1
贴吧的rz不是真rz，看真rz更好玩(确信),1
她是畜生，你也有点废物,1
这种帖子就无视好了让小屁孩自娱自乐吧,1
评论区可太酸了，山西陈醋都皱眉,1
批饮犯了，着急了,1
一眼编，见xxn见少了，首先，如果是xxn，第一件事就是甩锅，第二件事就是嘴硬。这个很明显男扮女装,1
妈的怎么这都有jk红温圣经,1
晋城人早上吃剩饭,1
我宣布，孙吧11级一下全是我的性奴,1
你快去马戏团，去那当个小丑,1
这人没活整了，娶了一个东施一样的大妈,1
注定的改变不了 :他能活着就证明他不是你这种挠谭能理解的，说不出一点黑料还让人别双标，难道你这种废物被攻击到了，所以他就是双标？你是什么品种的见初？,1
不好意思，我就是歧视txl二椅子艾滋病搅屎棍。,1
丑还不让说了属于是，一群搞笑的,1
真是纱布擦屁股，给我漏了一手啊,1
找到然后强奸,1
叮咚叮咚，大舔狗大舔狗叫叫叫,1
一是你没弄爽她，她看不起你，第二，你像个傻狗，把她变成炮友不好吗，还负责  笑死我了,1
他很好的赞美了，这种放大街上还是最丑的几个，看着一副土农民相,1
完了真成小丑了,1
13，手脚不干净的客人这种真受不了，来点餐然后用手直接碰食材的还一边问我们：“你们这新不新鲜啊”一般都是老登，好想给他们两拳还有用手直接碰油条问：“你们这脆不脆啊”一般摸了又不买，真踏马欠揍,1
国女日常双标，侵犯男人性自由和婚姻自由是本能了,1
你的脑子绝对要去医院看下，那么烂还要点四次，点个差评还害怕，TM性价比是高和低，第一次听说性价比贵而不是性价比低,1
哥们，要不要去爱狗人士吧玩玩？那里挺适合你的,1
被操的时候，她就不会这么说。,1
世界上只有人和出生，出生还有什么性别可言？,1
别人不是生来没有处女膜 难道还是被富哥投破了吗造女孩子黄桃的瞎投男找到了处女膜就是福泉志的谎言 是媚男的印记,1
准备线下真实你,1
对不起，这辆女士,1
你这脑子从小到大没少挨打吧？,1
我说话从来不指名道姓的骂你谁谁谁，你理亏你就对号入座,1
楼主一眼订正，鉴定为龟喃,1
百度就是绝症而不是癌症了,1
没毛病啊，如果这男的也有艾滋病的那就没啥怕的了。,1
我用不着你喜欢，也轮不到你讨厌,1
我遇到过一样的，我透完直接跑路了,1
你才是下头男。我要日笔就去嫖,1
我也不想以貌取人，我也有努力看见你的灵魂呀，结果你的灵魂也没有比你的外表美啊。,1
你真逆天啊，爷都叫上你还真是龟男，话都说到这个地步还揣着明白装糊涂，几百个人里有几个烟民就有几个火机，我说烧山你那核桃仁大的**就真想到这一个，火把会吗？篝火会吗？丢俩石头围个几米宽的篝火会吗？饭喂你嘴里会嚼吗？,1
真废物不会爆中专仔的金币吗,1
牺牲你妈呢，没事做去田里挑大粪不行吗,1
所以我说这个男的笨嘛,1
哈哈哈哈哈哈哈哈哈哈哈哈哈哈哈哈哈哈哈哈哈哈哈哈哈哈哈哈哈哈哈哈哈哈哈哈哈哈哈哈哈哈哈哈哈哈哈哈哈哈哈哈哈哈哈哈哈哈哈哈哈哈哈哈哈哈哈哈哈哈哈哈哈哈哈哈哈哈哈哈哈哈哈哈哈哈哈哈哈哈哈哈哈哈哈哈哈小丑👈,1
屎中屎  不知道这游戏是在玩什么 每天看着电子烧鸡意淫就是原的最大乐趣了,1
她们可是要争孩子冠性权呢，嫁给外国人却连自己姓都不要，奴颜媚骨,1
人又不聪明，还要学人家秃顶。,1
也有，我们湖南小县城菜市场、学校旁边就有，反正很垃圾，比广东的差远了,1
你智商和脐带一起剪断了吧,1
这么快就服从上了,1
别人不是生来没有楚女墨 难道还是被富哥透破了吗造女孩子黄桃的瞎透男找到了楚女墨就是福泉志的谎言 是媚楠的印记,1
我们嘲笑鸡你提妈妈，该不会你妈妈就是干这个的吧,1
我中上都玩 神分战士和传统法师都会 法师都加强了几个版本了只有你这种彩笔天天在这哭弱,1
龟♂必死 飞舞重开吧,1
这个世界是很现实的，如果不是高富帅，妹妹为什么会花时间在你身上，唯一能解释的只有想爆你金币。hdx，赚钱本来就难，留着自己花不香马。不想回家就不要回，我几年没回家了，问就是上班，各种借口拖,1
不要把自己想的这么好 还纯爱战神 你21岁拿什么贷款50万 就算贷到了 拿什么还 不还是靠父母 龟男嘶一嘶,1
有种人，必须要人指着他鼻子骂，他才知道骂的是他,1
pxj滚,1
看见路上有条狗再吃屎你就也得上去吃才不算双标？女的这么干春闹谭男的也一样为啥不能骂？龟男的话另算,1
确实可怜，只能靠这种方式来找优越感了,1
被nt吓晕,1
老东西 gkd,1
曲逆马的耳鼻，哭个戟把哭,1
俩极品锁死得了,1
女人也就这点作用了，不然她们没市场,1
給她一锅铲反而要給她賠償就不值了,1
反正要寄了，保证句句真诚,1
小心生化母体,1
把人家活路堵住了，不搞你才怪，是爆金币但是你也没命花啊，这人连着点了好几单然后差评一看就是*,1
听说你被拐卖，真的把我吓坏，你虽从小痴呆，却对社会无害，谁人如此大胆，竟拿你去卖，我真替他担心，卖得掉才怪！,1
发个贴都怕，ldx属实有点five了,1
太对啦，都是逆天,1
不是，老哥你看了多少啊？,1
能不能给xxn搞个“高超滋补店”养一养他们比我干三遍农活还黑的逼,1
蔡徐坤也是一堆这种小学生粉丝,1
真脑瘫，我看你说话我都烦,1
长的有点像坤坤,1
我看你这不是吐真言，完全就是被说急了无脑喷奋,1
就这么卑贱吗,1
挂我是吧？今晚屁眼最好朝着墙,1
dinner，tank赶紧414得了,1
谁有它身份证照 私发看看 看看这b长什么样,1
那你就是贱货,1
快進到楼主被坦克求爱环节,1
这个三水是有点nt,1
拿你妈出来给大家上上呗，你妈不是清朝人,1
每一个男生都有潜在的暴力倾向发过去,1
不插数据线插你,1
这价位还透不到还不如找个对象了,1
傲娇属性的喜欢楼主的有对象跟别的睡的好女孩,1
不看路死了活该,1
男的是这样的,1
本来就是资本家搞出来的，因为只有男人的钱赚不到，女人的钱是最好赚的，然后是小孩和老人,1
楼·猪是杀·币，这个比又水帖了,1
白纸找白纸，报纸找报纸，别搁这当龟男接盘侠，到时候后悔8u没给你骂醒,1
自私无知又嘴硬,1
只能说很符合我对op的刻板印象,1
这么损？你舍友山东的？,1
垃圾 一点味儿没有,1
自己解决不了生理需求说别人龟，你也是真够晚餐的,1
也就口头吹牛皮吧，真的不恨塞蛋,1
确实，有时候主线任务真的很无语，太低龄了,1
不上去干他你怎么好意思发贴,1
这就算瘦下来，也好不到哪里去吧,1
你黑心肝，没良心，不要脸，没有格，好小人，大欺小，羞羞脸。,1
我命令你骂他,1
纯楚甚白眼狼，她似了就没事了,1
废物啊，你不承认是你推的她，她哪来证据说是你推的导致她骨裂的,1
真特么是个废物,1
发个贴都怕，ldx属实有点废物了,1
底下烟舔狗闹麻了,1
你真以为你比钱更会泡妞?,1
想给楼主py松松土是吧,1
没钱那还留nm的学啊,1
有病这么怕有人害她，就滚回家去住,1
Lz揍人的时候把你忘了看来,1
说真的，我好羡慕你的皮肤哇，你是怎么保养得这么厚的,1
碰到xxn了，快跑吧楼主,1
这种人单纯脑袋有问题，换个阵容照样黑,1
你不如v我二十，我还能买个肛塞给你爽爽,1
你也是男娘吗，被几个人撅过,1
这种货色生来就是当妓女的 注定要吃这碗饭改不了的,1
长的都那么恶心，谁会把它当初中生,1
上来就隐私照，这b养的玩闪电战是吧,1
我看不出这图有着色情檫边，洛丽塔又不是和兔女郎服饰一样，还是说你像楼上说的一样，经常在颜色网站看到洛丽塔？,1
法无禁止即可为人家要是服务员那店主都招他那么他的形象关你p事大不了换个人给你服务人家要是是店主那更关你p事纹身违法了还是违反餐饮业规定了你看的不舒服你就别看不合你三观的外在形象就是抽象人老板都不在乎员工露纹身你还叫起来了,1
你是靠着电线杆就能生存的女人。,1
分了t我，这些xxn都是被你们这些龟男惯出来 别祸害同胞啊,1
哈人，一个剃须刀给了就给了这不赶紧分了你还抢集贸,1
你是女人？,1
说不过就扣帽子的dinner是这样的,1
oh 老师要去了吗 我要谢进去了噗呲噗呲   嗷～,1
你个畜生，小狗狗这么可爱，你居然这么做,1
啊对对对，我好怕怕啊，搞得好像幻想是女人的专利一样，她能写女人杀男人的情节，难道我就不会写男人奴役女人把女人当作财产的情节吗？都是在yy怎么就她拽的跟二五八万似的？跟个小p孩似的,1
你急什么祝你天天吃卫生纸大虾,1
主要现在抖Y其他刷的同居情侣非常多，小孩子看多了认为天经地义的，时间久了观念就这样了，现在谈恋爱大部分这种，不代表全部。反正男的大部分是为了欲，结不结婚管他鸟事。说他人家认为你不懂爱,1
别想不开，真想重开前来给我操一下劈,1
败笔？神来之笔，移动端还是晚于pc端开服的，就移动端开服时那使一样的优化，只有最贵那一档的手机能有稍好一点的体验，次一点的手机画面一坨根本带不动，要是没有pc和ps端，直接被喷炸，玩的人肯定也少很多,1
你别跟我谈人生，你都不是人生的。,1
顺从它呗，毕竟它只有生物叠呢,1
前面？稻妻开始原神主线剧情就开始爆炸式崩溃了。稻妻剧情观感一坨，紧赶慢赶节奏很烂，须弥有个散就是最大的败笔，说夸张点一个散干掉了整个须弥主线，枫丹更是恶心，赛博坐牢，凡高大者我无不蔑视太高大者我不敢蔑视等等，比起使还是老套剧情要显得正常些,1
那纹身动机是啥，还不是为了显摆给别人看，你要是纹了我们还拿普通人眼光看你，你不就白纹了嘛,1
Pc算什么呢？我上次被坑了五百，从来没谈过，哎，说出去还被人笑话，但是我搭讪的有过直接去她家的,1
等我有钱了，我就带你去最好的神经病院！,1
采取点意见 怎么样才能快速糙到13或者说怎样才能糙到13,1
你是韩国女足的吧。,1
骂了一顿马上态度软了，狗女人就是欠骂,1
注定的改变不了 :他能活着就证明他不是你这种挠谭能理解的，说不出一点黑料还让人别双标，难道你这种飞舞被攻击到了，所以他就是双标？你是什么品种的贱畜？,1
xxn顶斤五花肉还差不多,1
给你寄个个小丑照镜子,1
别人的人生都是草莓味的，而你的是香蕉加冬枣味的。,1
接到消息，推迟开庭，原告律师正在搜集黄牌的所有犯罪证据。黄牌们，准备好接受xxn的审判吧,1
怕不是自己没有生育能力，见人要孩子眼红,1
阳颜丁真，鉴定为：逼痒的初升,1
这种症状你发贴吧有啥用你npy知道你是人嘛？你自己把自己当人嘛？,1
看见路上有条狗在吃屎你就也得上去吃才不算双标？女的这么干纯脑瘫男的也一样为啥不能骂？龟男的话另算,1
不要搬屎,1
老东西爆金币,1
你长得就跟个二维码似的，不扫一扫都不知道是个什么东西,1
偷外卖的biss,1
太弱智反而不好评价了,1
大堆里还有沙耶之歌呢这人不纯在报菜名，报就报了什么都不玩只会显得他低能,1
md，xxn不管在哪里都这个泌阳,1
牛逼，这女的是什么魅魔给你迷得神魂颠倒,1
这老逼登就是棍子挨少了,1
你都来厕所了还想找个干净点的坑？,1
初中喜欢混混，高中喜欢体育生，大学喜欢老师，军训喜欢教官，打工爱上领导，理发爱上托尼，看病爱上医生，离婚爱上律师，别到时候真璧洋洋了跑出来被人抓到当做公用飞机杯,1
洁身自好，过好自己的，这人透10086个我都只是看笑话罢了，没必要共情，当个乐子，别影响自己的心情了,1
收红包≠我接受老登接着爆金币,1
你这就是典型的公狗发情,1
先同意 透了再说,1
一群串子串子太多就nt了,1
确实是废物没说错这都能被骗,1
偷外卖的都该死,1
你这也是陕西话说得好打出来的媳妇揉出来的面，有些女人确实欠揍！你打几顿就好了,1
呃，既然受不了他那脾气，还留下来干嘛,1
12，农药糕手几个小学生，牛魔的来我家蹭网又不点餐，几个人大呼小叫的打农药，还喝我家的水，真想给他们下农药,1
有些人天生就是坏种,1
b饼是香的,1
4，飞盘高手2的升级版，堵在门口后死活不让我端过去，一定要自己端，然后啪的一下没接稳摔了，你他妈真有猫饼啊？,1
你最好不要恨我，恨我的人真的太多，你又不能排到第几个,1
你这种人平常没什么朋友吧，情商低下的玩意儿,1
叛逆……一旦被他们那个zzzq影响，吵吵着变性，搞同……那不是叛逆，而是啥必了,1
还是百京爷会玩？那是盖了帽了,1
吃屎吧你,1
拍摄者换个性别这时候已经死了,1
你说你马呢？低能,1
你长得很有考古价值啊,1
女坦一屁股给你坐下来，你人都没了,1
为什么我是妈宝男？因为我有妈妈,1
前两天分手，兄弟拉着我去喝酒，然后酒吧看见一个身材比较好的妹子主要是奶子比较大，鼠鼠就和我朋友吐槽自己前女友是一个13,1
给他一靶子看他发不发电,1
这种xxn永远不会理解以前的母系社会实际上是共妻社会，反而是女性地位最低的时候，部落中任何女性都可以直接被拖到山洞里，部落族长是女性是因为最强壮的男子的母亲当的，毕竟这种社会下也不知道谁是父亲，这些xxn永远理解不了,1
祝您寿比昙花。,1
骗他个奶茶钱再骗个鸡照就功德圆满了鼠鼠女同学之前被一个初三的gn骚扰了就推给我，本来想骗个奶茶钱结果这小子连微信都没有，最后只收获了鸡照,1
所以这些波刚估计是没谈过恋爱，只能在这里酸涩yy,1
看见路上有条狗在吃史你就也得上去吃才不算双标？女的这么干纯脑瘫男的也一样为啥不能骂？龟男的话另算,1
你前面平，后面扁；20岁的年龄40岁的脸；白天化妆吓人，晚上卸妆吓鬼。,1
別恶心人了 掉毛,1
给她一巴掌看她还发不发癫,1
内部xxn男同纯纯强抬水龙把原本芙宁娜的高光剥夺了,1
当世界上女的的不生或者没几个女的了将会被圈养起来当生育机器,1
fps原神的含金量,1
有男闺还谈个鸡毛啊,1
叛逆……一旦被他们那个zzzq影响，吵吵着变性，搞同……那不是叛逆，而是傻逼了,1
就为了去潮个避没必要这样吧宝贝,1
小东西们知道该怎么做吗,1
支持把已经生出来的寄生虫杀了,1
抖音逆天的东西,1
考公xxn考研xxn美妆博主，这三个我实在没有力气评价，笑死我了,1
起因这个仙男，找我套立减斤，我看他主页想着这也不是个缺钱的人啊，各种会员全都买上了，然后就没想着这个13会跑路,1
你简直低能到难以形容,1
建议把有艾滋的和吸毒的都沙了,1
我日你妈才有你着个不孝的，腆着个逼脸还他妈敢出来蹦哒呢，这得到底多少个极品因子才能组成现在这样个性的你啊？,1
纯种ATM了属于，2.5的共享锁不住你250的小头是吧,1
不打搅哪有人理你,1
神分战士了会去玩那b坦克？ 以后打团就五个射手法师看谁站得更后面吧！,1
跳过键？学长们可是能说出“希望出剧情跳过的你的人生最好也跳过”主线剧情就是低能，还不让人跳过，剧情策划都不是同一批的，有些世界任务确实不错，比如沙漠书的婕德，其余就是狗屎了,1
当父母的恨不得刀了那俩傻逼,1
别发这举手表情了真的唐,1
原来这彪子跟他爸学的，真是蛇鼠一窝,1
有意见憋着，不然妞妞给你嗦烂,1
这都不分？ 还是说你不会反击？ 龟男414,1
脑袋空不要紧，关键不要进水。,1
快进到？,1
你去吃屎是不是也要报备一下？,1
楼主，这不分手，她逼里有大麻？,1
缺爱的都这样,1
尊nm嘟nm呢，不会说话就吧嘴封起来,1
直接抽这个比吃一比斗看她还发不发颠,1
他是没芙木还是家庭关系不好啊,1
看抖音就知道了，傻子太多根本就骗不完,1
乌克兰从2014年就开始图图乌东地区的俄语人口，结果现在惹出了祸事后发现打不过开始拉壮丁了，中国当年图过我国领土上的日语人口了？也就你这初生会把我国抗日民众和乌克兰那帮法西斯相提并论了，我是你爹当年就该把你射马桶里,1
你算什么东西？,1
捏妈妈滴脸盘子上的粉赶我家墙皮子厚了,1
不要冲我吼，小时候我被狗吓过。,1
岁月是把杀猪刀，可是你丑得让它无从下手。,1
你这个报备跟那个脑瘫一样,1
想多了，婚姻法都不管你老婆和别人做，给别人生孩子,1
废物，天天网上骂人，现实中遇到了又不敢当面开骂,1
fw，开除吧籍,1
byd发我这层楼什么意思,1
同应该全部去四，还是图少了,1
一个天天靠卖吟拿她男主人钱花的妓钕罢了，男主人快死了再偷走他一半财产,1
就是学校拿学生当畜生看，只要有升学率，学生就是毕业后都猝死了也无所谓,1
不分还没操过,1
打完不就有人了?这都不懂,1
小心牛牛被咬掉,1
没刷到过，脑瘫都是刷一个不感兴趣一个,1
还哭，TMD，男朋友直接丢死人了,1
不分留着过年？,1
王侯将相祖上还都是奋斗过的，他微微一笑就站在了这个高度，都这么幸福了，骂两句怎么了，我骂他是他掉块肉了还是我挣钱了，怎么还轮到她们评价,1
太有实力啦xxn,1
在装什么啊,1
工地的给我稍稍，我们外国语带专爷来了,1
直接上去扣她受不了的,1
哪里都有你这个死麻串子,1
哥们在这么恶臭的孙吧发吗 建议换个好点的吧,1
冷知识，你们当成亲跌一样各种连洗带护塑造成一个受害者委屈人设的幻风是真投毒威胁过身边人，精子哥的小作文一直放不出来被嘲讽薛定谔的小作文，而你大安跌一句几十万私信你们这群液盅东西又全信了,1
现在我是小丑了,1
他应该已经被吧务塞口球了,1
真是公园里贷款 欠草了,1
哪里都有你这个4麻串子,1
没打缌你这飞舞真是可惜了,1
说真的 我挺羡慕你的皮肤的 你说你怎么能把它保养得 那么厚呢,1
加完别人好友就表演自己多自卑,1
什么旧朝遗老,1
听君一席话，白读十年书,1
没人要的大龄剩女慌了,1
xxn的觉醒日常,1
，看的我也恼火，桌子反转更离谱，别说什么跟男的吃跟女的吃，你这饿死鬼上身男的也嫌,1
你自己都说了点素菜了，看40块钱人家把刀架你脖子上让你付款了？你这不纯纯脑子有问题吗？,1
它想要它的自由，关你屁事啊,1
就叫她耗子姐吧，跟耗子似的贼眉鼠眼,1
老妈智商都不正常，教出来的孩子又能好哪去，生在这种家庭里也是命不好。,1
幼师是这样的,1
绷不住了这种弱智就是以自我为中心   前面刚说了不方便,1
你没有猪的形象，但是你有猪的气质,1
xxn认为长得帅就是贡献了捏 长的帅的就应该不劳而获,1
确实恶心，但是也算是这男的太笨，表达问题，两个人还是很相爱的，至于这个评论，纯脑瘫,1
小东西衮出孙吧,1
似了母的这男的，鸡巴把下头，上来直接怼着问感情史智商低情商也低，不会聊天建议重开，就这闹颤水平还搁网络上找对象,1
绷不住了这种rz就是以自我为中心   前面刚说了不方便,1
读了几年书啊就学了这么一个词,1
谁跟你讲的？古代的官吗？,1
不插数据线你诱惑雷公给我手机充电？,1
其实说的也没错，男的确实是酸他不用学习不用劳动就能获得财富。但很多女的显然理解不了，因为她们就正在不劳而获或者说准备不劳而获,1
杂鱼小东西这是在做什么呢，本来就够没用了，跪在地上是在求骂吗？不亏是杂鱼呢，居然想要这种东西,1
你这什么表情，想被灌注了吗,1
你不也是逆天,1
二十天五十斤？除了手术，怎么瘦的，吹牛逼呢,1
要我这就已经分了，哪还有那么多b事,1
你是50万，间谍，汉奸,1
很好，大力推广让各地龟男来带她们走。,1
这是精神病吗没看出来和女拳有什么关系,1
别牛魔妄想了，你当审核吃干饭的有时候字都发不出来，还搁这杞人忧天呢,1
破了你妈呢，自以为很幽默,1
别侮辱川军，这byd不配,1
**纯活该，好心喂给驴？,1
大概比较自卑吧,1
里面的真冲不动在手游里都算垃圾水平,1
经过这位老哥一番实力睁眼瞎，精神胜利等的小丑行为。楼主终于在次日下午拿到了微信号。,1
那对男女可不是像对猴子一样不知道在瞎叫什么,1
傻逼们的自娱自乐罢了,1
怕吧友不懂英文，快谢谢京爷️,1
你嗯哼个基霸啊,1
听了你的分析 我决定自己再分析分析,1
老师学校其实也不想，但是当大家都开始卷的风气起来，学校就没办法了。根本停不下来。只能加入。卷起来学生苦3年，大家都卷，我学校自己就不卷，这等于直接害了学生一辈子了。谁也没办法。 我只能说衡水赶紧撕一撕,1
二次元游戏就是通过讨好玩家来赚钱，玩家为什么不高贵？,1
废物，好歹也kiss吧,1
被胶管狠狠的拷打,1
花钱买盗版？你是真的6,1
这不是一眼编,1
拿尼木出来给大家上上呗，尼木不是清朝人,1
b水倒灌大脑导致的,1
gkd，让我看看同在湖北女大的战斗力,1
人是个好人，不过太倒霉遇上了个xxn,1
我们要向前看，不错过些歪瓜劣枣怎么知道什么是好的。,1
不愧是老东西一上来就没绷住,1
你才是虾头男。我要日笔就去嫖,1
属于是往粪坑扔鞭炮炸一脸蛆了,1
不是 就这样的性格你还这么喜欢,1
不行丁真那张脸确实好看又不娘，摆在这不会让人恶心鉴定多了会自动绑定喜感，然后看到脸就想笑 她这个看了春犯恶心,1
能不能把话说清楚了，说的什么够吧,1
太没关系了 见到真人估计塞蛋了 还在网上装纯情少男呢,1
互联网已经够臭了，让外面的屎进来就好比你往马桶上倒旱厕的屎，冲不下去还臭的一批,1
断个die，像昆山龙哥肠子断了酒都不会断,1
那你提你奶奶的♀大学生呢？还辅助，不就是想迅速找两个异性高手给她解决问题？人家题主自己都没觉得有问题，你们这帮弱智开始脑补了,1
你跟他说你是真武大帝，一拳打死他个老必等,1
Fw玩意 你软你马么,1
你说的挺对的，但我为什么要听你的？,1
袁世凯慈禧这种鬼屋干了这么多畜生事本来就是应该骂烂的，拿它们跳科目三我都觉得丑化科目三了，你美化这种东西才是真的有问题,1
小的时候，不把他当人，大了以后也做不了人。,1
多按几层有个屁用,1
逆天，这么整恶心吧u们是吧,1
那个女格斗家忘了叫啥不是说过吗，即使是她也没有把握打倒一个强壮的成年男性，当然这视频基本就是剧本，结果下面的女的还真觉得自己有多nb了捏,1
婚前不试一下，万一婚后性无能怎么办,1
小姐姐，小心你爸妈把你卖了,1
第一次赶上热乎直播贴，希望不要当小丑,1
不是一家人 不进一家门，这两个傻逼凑一对刚刚好,1
上厕所不冲，那就都别冲，然后在厕所墙角放置一个垃圾桶，谁也别倒，看厕纸能堆多高。,1
不是，这女的还他妈真敢要啊,1
想给你妈送朵花但我没花你也没妈,1
银水回流大脑，阴蒂控制思考,1
byd文案都抄的前几年考研用过的,1
你年轻么？不要紧，过两年就老了。,1
两个**恋爱,1
捏麻麻的吓老子一跳问我有没有男朋友，这才意识到因为哥们qq资料填的女的，估计是哪个男的瘙痒难耐了想找对象，找我头上来了,1
有时候媒婆挺逆天的，村里一个女的小学被初中的强奸了，后来闹大了怎么样我不清楚，女的最后读了211毕业回家那边工作，男的初中读完就不读了当兵去了，回来以后听说媒婆一直介绍这俩人，就是强奸犯和受害者听完恶心坏了,1
他们脑子的智商要是这么聪明，就不会选择成为那种蠢人了,1
自己看着镜子抠是吧,1
明显急眼了说要找同城男的秀恩爱来气我，好怕怕哦,1
我也想骗处男，有种玷污白纸的快感,1
上帝往人间撒智慧的时候你莫不是打了把伞吧？,1
你怎么不把你寄掰转给它？,1
混混精神小伙缺女朋友吗,1
这不是我们火批吧吧宠吗,1
你树上掉下来的？没父母没朋友没家庭是吧还自己开心最重要，这话说的真是自私自利到让人窒息,1
这位妹妹可有上过学，现吃什么药,1
差不多得了，经典被骗,1
因为整个世界观没一个好东西，去了就是折磨。,1
小丑预定小丑,1
你纹不纹身那是你的事，我尊不尊重你，理不理解你，那是我的事,1
被小仙女占领了，那不正常吗，就像隔壁反原神吧一样。,1
逼水特别香甜,1
那还不如直接编个存款,1
她不歧视我歧视,1
我只能说你女朋友段位起码比你高两个，你拿捏不了她的只是榨取你价值罢了，物质价值情绪价值，等你没价值or她找到新的你会直接被ktv。,1
天天发你蝶？,1
你把性别换了，沸羊羊改成魅男啥的词，发小红书微博试试，看会被骂多少楼,1
人家玩梗你真信了？有拿50w孝敬父母不比当龟强,1
不不不，重复的人可以因为一件事重复拉个新群，我女朋友她们宿舍有个逆天娴女，宿舍6个人里5个人全讨厌她 然后拉了三四个群来吐槽她,1
别酸了，你最该被骂,1
注定的改变不了 :他能活着就证明他不是你这种挠谭能理解的，说不出一点黑料还让人别双标，难道你这种废物被攻击到了，所以他就是双标？你是什么品种的贱畜？,1
这哪来的自信在这****呢,1
不懂你这种玩猿神的野种跑孙吧来找什么画面看别人骂你叠你还生气,1
恶心人，还能聊下去？这玩意儿要不一开始承认，要不就别承认。看她也是满不在乎的样子，你要是特别看重这个，你俩不是一路人。,1
蔡徐坤也是一堆这种xxs粉丝,1
建议去精神病院住，人间已经不适合仙女了,1
带回家摸莱莱，假期拿她父母的套透的,1
这才发现是个垃圾人啊，逆天,1
你没脾气啊就这样跟龟男有区别?,1
还明天？下辈子吧,1
回去一刷表白墙谁懂啊自信虾头男,1
抽石块的都是op,1
经典让你猜，我猜她嘛还是处钕我猜,1
美颜都丑成这样？,1
以前都是刷到低能的就拉黑，后来黑名单满了不让拉黑，不感兴趣好像没啥用，还是会给你推你不想看的恶心你，尤其是头部主播带货的，拉黑都能刷到,1
你是素质教育的漏网之鱼吧,1
孤儿，有父母在天之灵保佑说话就是硬气,1
它都玩小红书了,1
操了就分，让她男闺蜜接盘,1
我不吃他妈难道吃你妈,1
你们的女神就是这样舔别人的,1
嫖娼算什么呢？我上次被坑了五百，从来没谈过，哎，说出去还被人笑话，但是我搭讪的有过直接去她家的,1
一个巴掌拍不响 你把脸伸来我看挺响,1
似了姆的这男的，鸡巴把下头，上来直接怼着问感情史智商低情商也低，不会聊天建议重开，就这闹颤水平还搁网络上找对象,1
ai作画比她像真人多了,1
嗦我牛子就和你玩,1
感觉牛魔的脑子有点奇葩，审核不是吃干饭的,1
问题来了，她真的是清华的吗，不是三校生进去拍张自拍图面子？,1
觉得自己理亏的时候找人垫背，明显现在这态度就是觉得是楼主强奸她了,1
没出息的东西,1
逆天老登，要是在千里香馄饨不得被老板当场打死,1
你吉尔被勾咬了一半是不是,1
半座黑洞都无法裹挟那一股冲天的滂臭两瓣腐肉依然幻想包装一颗粉嫩欢乐豆,1
《弱势群体》,1
狗杖人势,1
他女朋友β里有大麻,1
这种ex的东西不少，我们初中的时候我怀疑有个男的性取向不正常，他和另一个男的走的时候老喜欢摸他屁股，真的一股恶寒，甚至我们班主任都知道了,1
我有洁癖，而你刚好是垃圾,1
不是，这帮人疯了？,1
你兄弟大老远过来找你，你也好意思让人请你吃饭捏，建议楼主吃屎也和xxn分享一下哦，另外建议锁死~,1
初中喜欢混混，高中喜欢体育生，大学喜欢老师，军训喜欢教官，打工爱上领导，理发爱上托尼，看病爱上医生，离婚爱上律师，别到时候真璧洋洋了跑出来被人抓到当做公用斐济备,1
这对郎才女貌天生一对，轮得到你个妖怪反对,1
选她干啥啊？天天待一起还不够吗？床受得了吗,1
你打扮成这样，是对这个世界不满吗？,1
去你的，不服来战,1
捏麻麻滴看见屎不先骂端到吧里让大家吃是吧,1
厨子也是一坨屎,1
你被倒春药咯,1
好暴躁的楼主，杀一个先,1
不然这样吧，既然你也不知道怎么办，我给你两个选择，1.让你爸滚，2.让她滚,1
放手游里算是很好了，拿去跟主机pc比？搞笑,1
这种女的就应该直接似了，你还心疼个什么鸡巴，我恨不得所有这种女的出门直接撞大运,1
不知道你一直在装什么高冷楼主纯弱智,1
经吧友提醒，我也想起来我家也遇到过那种玩牙签的小屁孩，真踏马出生啊，把三罐牙签全倒到了地上，闹麻了,1
你的智商跟南极的温度一样，春风十里都不如你能吹。,1
这确实脑子不行，谁tm刚接触一直打电话的,1
肯定要看啊，不可能找一个恶魔波刚吧,1
和她讨论都浪费时间,1
靠恁酿，恁是真的烧啊小宝贝,1
她不钱钱钱，难道要教你卖货,1
这老灯就欠教育,1
🙅不行，评论太下头了，我得制止一下,1
这种不是纯弱智？,1
你做的是对的家有家规，连妈都敢骂，我倒是不明白你爸为什么没有揍过她。反正都成年人了，不怕闹掰，真狠下心让她死外边也算了。,1
这唐畜生是要把各大平台都起诉一遍吗？,1
老东西怎么还怕上了,1
傻，收了钱就是纯装傻了,1
吧三观正正的只是一部分人罢了，每个地方都会有正常人，也都会有傻逼,1
没脑子喷，我操，你见过40块钱没荤的？,1
给您磕了,1
多少沾点嫌烂直接给差评，下次不点不就得了。点了那么多次 ，又给好评又给差评，人家老板都不知道你想干嘛，不知道的还以为是同行搞事情....,1
有男贵还谈个鸡毛啊,1
中国那么多兵器你不学，偏学剑；上剑不学学下剑；铁剑你不学，学银剑！我恭喜你啊，你终于达到达到人剑合一的境界――剑人,1
鼠鼠“xx，你和你舍友可以小点声吗？我睡不着了。”耗子姐“哦，我明天考完就走，不然也不会收拾”,1
没大奔你就是个勾巴,1
龟男必死 废物重开吧,1
我看你要是被骂了也挺活该的，男的做错啥了，学个互联网用语就呼你爹脸上，该去哪舔xxn你赶紧舔去，别人谈恋爱碍着你了,1
人家如果不胖，那吃一根烤肠怎么了？又不会影响什么，而且烤肠确实好吃啊，正常行为不要给人家扣xxn帽子,1
倒也不全是，毕竟能透洋啤，也还是不错滴,1
内部xxn南桐纯纯强抬水龙把原本芙宁娜的高光剥夺了,1
你吉尔被狗咬了一半是不是,1
死了母的这男的，真即把下头，上来直接怼着问感情史智商低情商也低，不会聊天建议重开，就这闹颤水平还搁网络上找对象,1
你不过是一个少不更事，脾气暴的傻瓜而已,1
想起了以前吃过的一家，菜就估计塑料杯那么多，还难吃得一批，什么味都没有，给个差评还逼逼赖赖，结果一个月店就关掉了，这种东西，你跟他说走着瞧就行了，开不下去亏的是他,1
她啊，不看下面还没认出来,1
直接外国绿卡，然后找了个黑皮,1
不设墙上设哪里,1
这么离谱，你还接个屁,1
tmd啥都不吃，饿死算了,1
嘴巴跟阴道都只会喷，只有让它喷出来才会爽,1
小丑？丑皇！,1
姑娘端庄静雅，闲花淡淡香。,1
写写诗就叫诗人，喝喝茶喝喝咖啡就叫茶人咖啡人么。,1
哪里都有你这个死妈串子,1
好恶心,1
后续呢，楼主不会真成小丑了吧,1
分你妈酬宾，这么好的女孩不自己留着？,1
你塔姆今天别想上桌了滚倒阳台去吃,1
让她自己卖去,1
龟男真是活该,1
我是我爸的宝贝儿，你不是哟。还有钱赣了是吧，你觉得恶心，那我晚上当你爹,1
6，5的升级版，乱跑的大只佬，牛魔的现在小孩营养这么丰富？一个xxs和我差不多高？体重感觉比我还重，有一种玩原神的美感，跑起来简直是泥头车,1
花自己挣得显摆显摆还行，花家里的就很蠢逼,1
现在逆天就够多的放开更多了,1
他很好的赞美了，这种放大街上还是最丑的几个，看着一副土龙鸣相,1
缺爱波刚滚,1
好想和母老鼠谈恋爱,1
删帖奥看明天大伙怎么骂你,1
先看看逆天的,1
你亩的这简直是女版天皇,1
这么容易被人影响？你当他们在狗叫不就行了，一群被牛子控制的,1
有母式做的就是快,1
nmd头都快p掉了,1
11级以上老东西快来认罪,1
你在现实中正大光明的在有纹身的人面前歧视过他吗？纹身就该被歧视？照你这么说孙吧被ylg整臭名声那玩孙吧都该死？你能给出纹身就要被歧视的原因吗？就因为你刻板印象里有纹身的都是坏人？,1
后庭已经开了,1
抽卡养角色贵的一，所谓的大地图探险毫无新意，剧情也是史，玩的我想睡觉,1
只能说楼主小丑一个捏,1
不到173的矬臂也想装高冷,1
似了姆的这男的，鸡巴把下头，上来直接怼着问感情史智商低情商也低，不会聊天建议重开，就这脑瘫水平还搁网络上找对象,1
恶不恶心不是重点，又不是吃不起虾，主要是喝醉了还能想着给对象整点好的,1
确实，战场上还指望她们当沙袋呢不如桃花仙二代的东西,1
对于有些人我只想说，我的巴掌很适合你的脸,1
你哪来的牛牛,1
你当初打败两亿竞争对手的时候，伤的不轻啊。,1
我敢干你，你敢干我吗？,1
外国人从小就看那三观不都寄了,1
什么抖m调教AI,1
朋友有解药吗？我看你嘴巴挺毒的,1
自己屁股没擦干净还笑话别人，纯属一二百九，别逼我说是什么意思！就是二百五加三八加二！,1
这种废物玩意，要点脸就赶紧找地方似了,1
那个不如原神的，以后要是哪次不对原神虫的话烂扭扭哦,1
大脑被牛子控制了,1
准备分了，不当龟男,1
我忍屎忍尿也忍不下你呀,1
老东西又搁这水,1
痧毕们的自娱自乐罢了,1
装睡的人怎么会被叫醒呢，除非把他打疼了,1
看我ip线下单杀楼主,1
撞击不了一点，这种背后大概率是一个猥琐男,1
这假脸假下巴打的下去？,1
你个溅B，破鞋，你溅得嘴里长痔疮，你爹我已经把你B草烂了，你怎么还在大街上卖B，,1
md外卖狗试一试,1
你是独一无二的，至少全人类不希望有第二个,1
拇购是这样的,1
你这种重开吧,1
你鸡儿被狗咬了一半是不是,1
没猪吃得多，没狗跑得快，猪狗不如啊,1
因为占理，只要实话实说就不会落下风。对面说破了天也是小丑,1
你就是个鸡巴,1
不就是一堆冲脸刺客直接把法师射手必冲烂吗 法师射手玩家脑子是不太好使的,1
我宣布，孙吧11级以上的全是傻批,1
不懂你这种玩猿神的野种跑孙吧来找什么画面看别人骂你爹你还生气,1
妈的，等着更新咋被和谐了,1
挂我是吧你等着,1
直接开始沸羊羊常用嘘寒问暖，这波很真实了吧,1
这个哥哥是纯出生啊，多好的一个妹妹啊,1
谈毛线啊。相亲认识的，我结婚总共就请了一星期假。基本就是从认识到过门就3天时间。,1
脑瘫实在太多了 哈哈,1
现在没多少白纸了,1
你的长相突破了人类的想象…,1
大家都是炎黄子孙，怎么就你是天生地养的呢,1
吾日三省吾身。吾是不是太客气了? 吾是不是给他脸了? 吾是不是该动个手了?,1
越来越抽象了，不过也正常，有那么多忠孝两全的猴子猴孙天天尬捧尬吹，膨胀了也不是很难理解,1
你有慕的？你不是孤儿吗？,1
孙吧丢你脸了？,1
一群中专dn有啥好说的,1
就是一堆喜欢搞zzzq的奇葩，不允许别人歧视某些逆天群体。再深入一点分析，就发现是xxn想限制正常男性的言论自由才发明了这词,1
你是不是没洗脸呀？脸上好多自信。,1
楼主一眼丁真，鉴定为龟喃,1
省流：爱打交的沸羊羊碰上钓鱼女，自作多情后被钓鱼女运用人脉孤立了,1
与其看zz露阴癖，我不如去看真正的露阴癖,1
自家的店不会关路由器飞5,1
那就当rbq用，用完丢掉下一个啦,1
国足这群垃圾都能炫耀了？,1
手游里面刚开服还行，但是本质就是氪金抽卡卖角色的游戏你指望它能干什么抽卡游戏趁早死绝得了,1
丑👈          👆          😂,1
楼主，唧唧没了,1
？初中就来当鼠鼠？叉出去,1
这么想被坦克碾？想法还挺不错的,1
放在1931年她们可能是主动喊太君和当性奴的一批人,1
那还真够死妈的了,1
你怎么这么窝囊，这个年纪就结婚还付出这么大一笔财产，还不如约定彩礼留着，回国就迎娶,1
就是学校拿学生当初升看，只要有升学率，学生就是毕业后都猝死了也无所谓,1
现实世界总是比网络残酷又美好太多，12岁我真是做梦也想不到今天的。如果让我知道我妹妹如今是这个样子，当时我们家就该打电话报，警，让那个狗 屎“大学生”付出代价,1
这女的以前得多自卑，现在能拽成这样,1
女人都这样，我前任就是这种,1
这种建议直接去city walk,1
这些募勾拍自己就化妆滤镜美颜拉满，拍别人就很随便，真踏马,1
什么恶魔波刚,1
两人建议合葬，以安人心。为去二祸患。,1
糖妞有些话明显是鼓动xxn挑起对立的，这不骂她骂谁,1
日本要是能被海啸淹没，国内沿海不被淹？能不能动动脑子。,1
具体谁忘了，是对那些只敢搬粑粑来贴吧不敢当面在别人视频下评论的废物吧友，他们攻击力和他们牛子一样阳萎,1
楼主氏了？还不回复,1
你跟他说你是真武大帝，一拳打死他个老逼登,1
至于大家在那唠会嗑都得捧着一本书吗？有点太假了，你要说你自己空闲休息时间弹钢琴看书还可以夸一夸，这踏马真的装，属实越缺什么越想证明什么,1
可能现在xxn确实是恶心🤢，但是这不代表找个男朋友会省事到哪里去。我现在上了大学谈回了女朋友，高中的事权当是一段不好的回忆。,1
感觉你活这么大脑子有点不好使,1
老婆求你了，我长的又丑又猥琐，从小就是同学亲戚的笑柄，每天只能吃别人嚼剩下的东西吃，没有一个人愿意和我交朋友，街上的狗看到我都要摇头，求求你让我恰个v吧老婆我真的好爱你,1
老东西，一边玩原神去,1
奶奶滴，楼主快爆照,1
死了母的这男的，鸡巴把下头，上来直接怼着问感情史智商低情商也低，不会聊天建议重开，就这脑瘫水平还搁网络上找对象,1
Beyond真给我们邓氏丢脸！,1
注定的改变不了 :他能活着就证明他不是你这种脑瘫能理解的，说不出一点黑料还让人别双标，难道你这种废物被攻击到了，所以他就是双标？你是什么品种的见初？,1
人老也就罢了，何苦成精？,1
四川把耳朵阿？那就忍着喽,1
老东西，想日逼就去嫖啊，还相亲。狗都不相。为了日个逼，你看把你娃苦得，找罪受。你这样的鼠鼠才不同情捏，相亲没有感情的，就是纯粹的日逼加生育机器,1
手臂上是花B，少部分人纹来好看，大部分纹来装逼，这类人嗝屁了认si方便些,1
？电子厂都不要你 还说我完犊子了 你也不看你自己什么鹑样,1
半座黑洞都无法裹挟那一股冲天的滂臭两瓣腐肉依然幻想包装一颗粉嫩欢乐豆,1
你有慕的？你不是估尔吗？,1
当然，我这是为从人类繁衍的角度想，现实中谁会看这种dinner,1
永远有多远，你就给我滚多远,1
不进去那确实逆天,1
就是看她长在我的审美上面了，我才让她给我发10块钱，长得丑的我吊都不吊，然后下面我放截图吧,1
那你不纯纯小丑吗？,1
讨口子说得清新脱俗,1
一群人没被毒打货，等被毒打过又来厌女，一群脑瘫闹麻了,1
不叫爸爸叫供精那你为何不称你的母亲供卵者？是因为没有吗,1
不愧是花科爷，真是文采斐然,1
你好歹还知道难受自责，有些泌阳的完全事不关己,1
看见路上有条狗再吃史你就也得上去吃才不算双标？女的这么干春闹谭男的也一样为啥不能骂？圭南的话另算,1
楼主纯脑瘫，吃个肠都要说，自己是吃不起是吧，别人想吃就吃花你大洋了吗？,1
楼主一眼订正，鉴定为龟男,1
今天才学会上网吗，这么直接的反串都看不出,1
b站都是自由主义小鬼，变性都提倡的那种，我的建议是滚去美国，那里最自由,1
玩孙吧的都是大肥猪吗？,1
好暴躁的楼主，沙一个先,1
这你吗都跨次元了,1
太典了，我们学校也是,1
这傻逼真是个纯爆典机器,1
傻逼东西，自作多情,1
从19年到现在，怎么也得草几百个了吧,1
我都没敢看给你发集贸,1
大家都不像你饥不择食,1
这是抠出幻觉了？不先看看自己什么b样，值得人浪费时间搁那看？,1
別噁心人了屌毛,1
一副“在吗”起手天下我有的态度，殊不知自己才是那个终极小丑，梦始终会醒，人生总有个头，谢谢你小丑，在这短暂的人生里，逗大家开心,1
直接骂他，不服和他直接打,1
怎么不挑一个好听的称号 人间清醒不行是吧 非得整个这么弱智的称号,1
天天搬垃圾视频,1
嘛的怎么这都有jk红温圣经,1
难蚌，cs开个箱子都感觉痛彻心扉,1
日不到，你是会死吗，让他滚,1
这逼魔怔了吧,1
你有没有点良心？,1
鉴定为极品龟男,1
拿马钓鱼是这样,1
确实，短视频平台的评论区简直弱智聚集地,1
呸，什么态度，还不如卖茶的,1
假如不吃饭死不了 你让一个人几年不吃饭 刚见到饭的时候就算是屎他也会吃的,1
你这个人有阶级局限性。,1
你无敌了孩子,1
md到你这里没绷住,1
把她约出来，看能不能馹，馹了再说,1
为什么要吵架呢难道我们就不能心平气和的坐下来砍对几刀？,1
先暴操一顿，然后再讲三观,1
阳颜丁真，鉴定为：逼痒的畜生,1
这种女的就应该直接死了，你还心疼个什么鸡脖，我恨不得所有这种女的出门直接撞大运,1
我发孙吧小丑看不得的图片，你们评价,1
北凉王徐凤年，对舔狗知道有独特的见解，其言语一举戳破小丑们自欺欺人的内心,1
如果你容不下我，说明不是你的心胸太狭窄，就是我的人格太伟大。,1
老东西被给我装正常人,1
背后诋毁我的人，我想告诉你，我不是你爹娘，没那么多故事让你惦记。,1
什么叫玩女的 你是不是在物化女性 我们女性不被定义 中间忘了 后面也忘了,1
不洗脚刷牙洗脸就上床是什么贵物,1
看到屎不应该搬过来恶心8u们，而应绕开,1
她的俗是骨子里的，开水烫都烫不掉。,1
从小没爹的cs说话是这样的,1
有点像畜牲皮特,1
我点的是荤菜，人家送的全是素菜，懂不懂？我操，什么智商？,1
虎式坦克发话：“你不尊重我”,1
就跟我玩孙吧一样。我不逆天。就是单纯享受吧友争着抢着来嗦我牛牛,1
那你就一辈子活在过去，赶紧下地狱吧，别活在现代了，哭了你呢,1
有电脑还会玩原神这种腊祭游戏,1
抖音小仙女试图让人破防骂它,1
挂我是吧？今晚丕严最好朝着墙,1
你麻痹自残给谁看呢，别在这脏了我们的眼。,1
看见别人有父母就急了,1
要不是龟男多，国服早更新了,1
不禁要问一句，你是亲生的吗,1
前几年贴着不招女的是有道理的，现在的女的身娇体贵真不干那不敢的，还特别气气还说不得，一说就一哭二闹就像是全是别人错一样自己干活干的跟坨粑粑似的只字不提。,1
小丑准备回魂啦？,1
学了个词就迫不及待的展示是吧,1
你用的什么牌的垃圾袋，这么能装,1
dinner直接把我拉黑，自己润了，什么恼谈dinner都能让我遇到是吧,1
女房东的车很大，我们仨人共计六个大箱愣是塞了进去，此时的我还不知道，这byd东百老娘们儿比这车还能装。,1
几把上安弹簧了？看到个女的就弹出来,1
c++历史包袱太重了，写起来像吃屎一样难受,1
我 操 死 他 的 嗎,1
别的就算了，一块钱的事你搁这来这一出你赶紧死了得了,1
你才是那个没脑子的倒贴男同吧？,1
給她一鍋鏟反而要給她賠償就不值了,1
什么经典dsb,1
攻击性很强的,1
那你点进来干集贸,1
为什么不学学你儿子诛十族？,1
烧鸡角色不是优点么,1
越大越觉得墙对整体是好事，没脑子的人太多,1
一但来到我们徐州就会忍无可忍的随时**，我还以为女生已经习惯了，然后，为什么徐州的图书馆没有**房？,1
这也合影?xxn说着不靠男人独立自主，结果继把男人发明的破防梗变成口头禅之后连合影也要偷去了，莫非xxn个个都是傻逼,1
我尽量编的真一点，要不然看起来太脑瘫了，整个剧情,1
重点是被打脸了吧，谁没事闲的管这么多，但是讨厌小日子不是很正常吗,1
想想也不应该纹身，假如你是一个开餐厅的，然后来个大花臂的市场监管来查，你说这多膈应,1
什么样的男人能看上这头猪,1
一个只会带货，没有自己的产品和科技，雷子有自己品牌和产品，这不甩小杨好几条街,1
是不是有什么心理疾病这丈母娘,1
发配到叙利亚战场看看啥叫战争,1
反正我是畜生男，我肯定要找个畜生女，非畜生不要,1
至少下面是真的，不是泰国做的,1
谎报军情，当斩！,1
舆论起来了根本不分对错，两个人都会变成大家眼里的乐子，自己还会被安上暴力男的帽子，版本t0领先太多了，你还指望有人出来伸张正义吗,1
拍摄者换个性别这时候已经4了,1
这么窝囊废，死了得了,1
你就是歌姬吧，你记住你什么都不是,1
吧主因为别人发滑稽气跳楼死了，所以不准发,1
你也配生气？你不就是这个女的奴才吗？你有自主人格吗?你是准备光复帝制是吧，自己先当太监熟悉熟悉？,1
他自己这样评价自己？这种话谁说出来都不好使 纯纯给自己脸上贴金,1
打快点 火烧你屁股,1
孙吧这种粪坑的经验不要也罢，等级越高人越敌能,1
这不纯绿茶嘛，依赖性自尊,1
这勾始图怎么还没被禁？,1
那我真是笑了，你和小仙女有什么区别，看见几个学校就说教育落后，怕是个连大学都没考上的混子鼠哦,1
建议锁死，不替他人考虑的cs就不要放出不来了，楼主你加油,1
纯鸡巴废物都到这时候了不自省还踏马想着把锅往别人身上甩，赶紧找个工作吧钱还了重开,1
鉴定为龟男一个，我要是有这种对象早骂完分了,1
直接让她做炮友，她自己会走的,1
原来身残志坚是您这个模样，受教了,1
怎么大小脸？侧睡多了？眉毛不对称，尾部很淡，建议学学修眉。把第二张图删了，我看了有一点想抽你。,1
体谅一下，不是每个人都有爹,1
急你妈呢你不会也是这种知道不好吃又贵却又去吃的人吧,1
没谈过质量好的女人吧 谈过对这些烂库当一点感觉都没,1
不是哥们 你真是河童啊,1
混账，这种🐦人就该死,1
这寝室不就三个人吗，这还要给他面子的啊，给谁看呢,1
一些男的看到她就跟看到瘟神了一样,1
人开个枪炮店看给xxn急的,1
你这就不叫谈恋爱，直接说找个炮友不就好了,1
快进到反手告你性骚扰爆你金币,1
惯不了，爆地点，我暑假把他杀了,1
虽然我歧视这种纹身的人，但是这明显是吃饭的视频，关注点不应该在他上面，要骂也应该是在其他擦边或者以此为炫耀的视频里骂。我只能说第一个发这句话的多半是哗众取宠的小丑，剩下的都是跟风的莎阮。,1
新一届初一的贵物是真抽象,1
什么鹅盅现状,1
傻逼进士才会娶公主,1
什么唐学博士,1
虽然你身上喷了那种高档的香水味，但我还能隐约闻到一股子人渣味。,1
充分说明物种多样性，你说啥都会有人抬杠,1
直接告诉他我玩你吗我玩，让他闭上舔狗嘴,1
是我是我就憋着，再炒几个月再分,1
去床️上狠狠侮辱她,1
逆天，快说你是玩原神的,1
有一天，没那么年轻了，爱着的依然是你，但是，我总是跟自己说:我也可以过自己的日子。,1
人家郎才女貌，天生一对，哪里轮得到你这个妖怪来反对,1
江西你妈呢，看不到IP是广东 ？   一看就是潮汕的,1
问问多少钱一晚,1
吃你食物没给钱还是咋滴,1
抽象,1
哥们你是被CPU傻了还是智力障碍个人提升要通过婚姻改变，意思是她不留学就不会结婚咯，那还不如直接找个老外结婚，估计留完学就离婚了,1
你到底是在谈对象，还是在养个80岁的老母亲啊？你到底分不分，不分我si给你看，养女儿我受不了也得上去两巴掌,1
是韩国的也好死,1
孙吧和这只狗一点关系都没有,1
我一直都相信你是天使，回不去天堂也不过是体重的原因,1
偷外卖的都是什么贱种,1
关我屁事,1
真的逗，你知道淹没整个日本的海啸要多高吗，没学过地理是吧,1
那祝你家女性个个都是张津瑜咯,1
当然，这个脑瘫以前就经常和一些小姑娘开h玩笑，下头的嘞,1
离谱啊，恋肥能不能都去死啊,1
给他两巴掌看他拍发不发癫,1
社交这一块，比较因人而异了，我就不喜欢一块儿打游戏，感觉白天和人打交道够累的了，一个人玩游戏的时候就爱玩点单机的，但是原神属于本来能不搞的，结果非要去搞，一坨屎罢了,1
别自娱自乐了,1
那你就是建或,1
自己去似就行了，别带上无辜的人就行,1
我们都还没想到过这个世界上有女同这种该 死的人的,1
楼主你坤坤没了,1
圆不回来了，越说越小丑,1
能咋想，服务员还能鲨了你不成,1
被别人玩了吧，我那个一样情况。不过是我骂了她导致的,1
全世界女权作品都喜欢杀夫，估计是伏波娃那句“男人在女性面前也是半个神”入脑了,1
8u是你叠啊，一巴掌扇过去看看你还发不发颠,1
谁借我1280 裸贷也行,1
你问她你没爹？,1
你妈真好看又干嘛挡脸呢,1
你确实又小气又自卑。。真挺恶心的,1
去🛏️上狠狠侮辱她,1
挖槽，赶上直播了，gkd，就想问你透到了没,1
支持，xxn不需要爸爸,1
他不就绝杀了，老东西攻击性真不行,1
快进一下小丑,1
唐妞今天开庭了,1
楠的是这样的,1
老夫掐指一算，你五行缺德，命里犯贱。,1
这不他们的不孝子孙急了,1
因为我们从内心就一直认为女人就可以不劳而获,1
高个锤子，网络还是傻子多，随便来个营销号就被忽悠的找不到北,1
看见路上有条狗在吃屎你就也得上去吃才不算双标？女的这么干春闹谭男的也一样为啥不能骂？龟男的话另算,1
京✌🏻果然够牛,1
你妈妈的，已经是个合格的二刺猿了。天天看个什么b动漫，听着初音未来的小曲。恋爱番看多了，脑子里也犯了抽，想谈一场恋爱。因为比较宅，然后在一个关于miku歌曲下面的评论和一个人争执了起来。最后我自觉理亏，让步了。对方哈哈大笑要我的QQ，想给我科普更多,1
妈的，酒吧认识的，不会直接问价how much吗,1
卧槽，羡慕你的才华，我看到他属地云南只想到让他饭肚,1
这龟不就是渴批？你看那不是女的他会去掏钱治？活该,1
照你这个说法，她去雇佣一个男保姆顺便当小三好像也没有问题，脑子里就没有正常过日子的想法呗,1
天生白虎很少的，有幸透过一个,1
草船上借的不就是你吗,1
就喜欢飞机场捏。建议改为看看你的大黑p，不是白虎也配叫自己女大？,1
看看 xxn 的知识水平,1
只能说你的思想配得上你经受的苦难。没点童年阴影，说不出这话。,1
收钱是纯纯的脑残,1
像你这样的人，在电视剧里最多只能活两集。,1
你说的无差别攻击指的是亚洲马桶和ezgirl吗？这些是老外给起的，有意见找他们去,1
你母的这简直是女版天皇,1
就你这样上过小学认识字吗,1
我用女头≠我是xxn,1
这踏马铁钓鱼的，太假了,1
你才是虾头南。我要日逼就去嫖,1
好吃，首先盛一大碗米饭，倒扣在圆形的快餐盒里，加入细细的青菜、洒满海苔末，最后来一勺海克斯红鱼籽，用上美团券，只要4.99一碗，剩下的生活费都拿去冲原神捏,1
后来每次看到这个老登我都给他搞一堆泡沫,1
成事不足败事有余，这种蠢人,1
鼠鼠是资深小丑，发两张聊天记录证明一下,1
收钱是纯纯的nc,1
让她无家可归,1
傻狗，我喜欢男的，你叫牛魔呢,1
淫水回流大脑，阴蒂控制思考,1
你不透留给别的老哥透，真是大善人,1
看见帖子就知道是雷姆琳了，如果你在孙吧看见冬泳怪鸽，100%是这b在带节奏,1
xxn交给鼠鼠,1
属实有点nc都不认识就打上电话了,1
多亏了那些ylg，从逗阴小红书带群真弱智过来,1
厕所还看不起没你臭的屎是吧,1
等她再怀一个再打一次胎啊,1
分nm酬宾，这么好的女孩不自己留着？,1
建议查查有没有贪污，这么嚣张一家人,1
快去死吧,1
就很奇怪很矛盾，既然她说女性不弱于男性，那请问女性是怎么被男性给压制的？,1
这暴力倾向留着不分是指望以后被打成植物人她会给你浇水吗,1
和我当室友吧，屁眼都给你,1
蓝牌润了，黄牌老东西快上去顶着第二波第三波,1
我求求你现在就躲山里面别让我们找到,1
纹给自己看的，如何？而且我纹身我就没有被尊重被理解的权利了吗？,1
怎么这么像狂魔狗,1
想要钻法律空子，搞一夫多妻,1
号已经养好，开始钓鱼,1
其实吧，你叫她们下矿井挖煤就行了，她们绝对不会同意的,1
那我真是笑了，你和萧县怒有什么区别，看见几个学校就说教育落后，怕是个连大学都没考上的混子鼠哦,1
妈的这逼牲口给我看太气了,1
是不是给你脸给多了？阿米诺斯,1
o神哥最经典的就是他的外卖盒子，在夏天都长出蛆孵化了，那种异味蔓延整个宿舍才被我们找到发现并且扔了,1
只是不肯和负债的生活罢了，父母还不给她治疗呢，借口而已你真信了？,1
什么样的男人能看上这头🐷,1
张嘴，有急事,1
有技术的，顺便问下洋妹妹味道大吗,1
胶都不打，什么废物,1
差点忘了除了主要舆论，还有lgbt和动保这些逆天团体,1
发张图片看看长什么样？有那么漂亮吗？让你一次被骗又被骗。舔狗,1
都死，得了吧,1
我的评价是送她去🇺🇦前线感受一下什么才叫战争和杀戮,1
后来的剧情真有点儿弱智了之前感觉还行,1
人家客人，非亲非故，活着的时候有那义务天天去看她？自己是谁？人走了，有时候人情世故，可能因为后辈儿孙的面子，去看一下。骂别人，这不是真性情，这是没脑子。他是楼主的外公可不是所有人的外公,1
一眼仙女挑起分化对立，这种不带任何逻辑只为了宣泄情绪是仙女的固定技能,1
这么害怕，怎么么不滚到喜马拉雅山顶住去,1
大即巴抽她她就老实了,1
确实，感觉这个男的也是在画一个大饼，真有这实力本校直接找了,1
如果连这点时间都忍不了  这男的也不咋地  下半身思考的玩意,1
直接抽这个比吃一比斗看她还发不发电,1
自己畜生就找畜生，物以类聚人以群分，她随便把身子交出去了，以后指不定咋样，自己想想咯,1
编的不够严谨，前面还是三姐妹，后面就变成儿子了。,1
好圆好大还抖,1
一起欣赏弱智,1
别人不是生来没有处女膜 难道还是被富哥投破了吗造女孩子黄桃的瞎投男找到了处女膜就是福泉志的谎言 是媚楠的印记,1
初中喜欢混混，高中喜欢体育生，大学喜欢老师，军训喜欢教官，打工爱上领导，理发爱上托尼，看病爱上医生，离婚爱上律师，别到时候真逼痒痒了跑出来被人抓到当做公用飞机杯,1
可能你老婆没抚琴,1
python就是一个烂语言,1
你们家是族谱缺了一页少了个祖宗是什么？这都得供着她,1
別噁心人了 掉毛,1
别逗了，你自己先看看你啥样，要分了来吧说人家？你这种人找谁都一样，瞎舔,1
别人不是生来没有处女膜 难道还是被富哥透破了吗造女孩子黄桃的瞎透男找到了处女膜就是福泉志的谎言 是媚楠的印记,1
看看你的飞机场，没到36D也配叫自己女大？,1
一眼哥布林,1
逆天,1
确认过眼神，就你不是人。,1
不是你这一句才是我最难绷的,1
为什么厕所要装监控，怕偷屎吗,1
如何欺骗猴子.jpg,1
这是出门找死的？,1
跟xxn有什么区别不知道，跟你们的区别就是，不会被xxn爆金币，不会变成冻肉躺冰箱里，也不会被xxn亲跌屠了满门,1
外卖贼都给我死,1
乱起来就先把所有网红牲口屠了,1
我们嘲笑妓你提妈妈，该不会你妈妈就是干这个的吧,1
给他面子？给他一拳！,1
要么留着当py要么赶紧跑路 想想你接吻的嘴吃过别人的鸡[吐],1
和穿漏当裤一样，你敢骂我 那你就是不尊人 ，限制别人穿衣自由。你骂我把女的拍进去了，那你就是内心黑暗，妄议揣测别人,1
江西花几十万结婚的不存在是吧,1
鉴于现在绿牌蓝牌泛滥，蛐蛐十级也敢自称老东西，礼崩乐坏，所以你们路过先给我磕一个,1
谈了半个月就做了，你也就那样啊,1
真见识到了成事不足败事有余,1
我 糙 死 他 的 嗎,1
透的时候让她叫你爸爸就行了,1
这不是钓鱼？什么时候孙吧鉴别能力这么低下了？,1
借楼：艾滋病真的没有必要再保护什么狗屁隐私了，只会让更多人传染，跟消灭艾滋背道而驰,1
这些母狗拍自己就化妆滤镜美颜拉满，拍别人就很随便，真他妈,1
滚吧，别给我们安徽人丢脸,1
这你不打他？,1
有意见憋着，不然妞妞给你说烂,1
先给我磕一个,1
xxn是这样的捏,1
这就是当牛马的自觉吗,1
可能第一天会有新鲜感，但是玩几天只会觉得越玩越浓谢一坨,1
我也去四川的耙耳朵没得话说。但是你说感动扑到你怀，我就很想笑。 恋爱的男女没脑子，果真！,1
结果还是低估了虎式坦克的急行军速度，等鼠鼠到了餐盘回收处，发现其与男友已在此处等候,1
xxn什么意思？,1
哈哈哈哈哈好骂,1
恭喜恭喜，你女朋友又准备找一个男朋友了，除了你没变（一直被骗），其他男友可都被换了一茬又一茬,1
这弱智?,1
分的好，拜金还谈什么，你问她是不是喜欢玩小红书,1
你有母的？你不是孤儿吗？,1
我说了xxn男的都逆天不知道你们急什么就事论事确实不卫生有问题吗,1
捏麻麻的吓老子一跳问我有没有男朋友，这才意识到因为哥们qq资料填的女的，估计是哪个楠的瘙痒难耐了想找对象，找我头上来了,1
两个傻逼恋爱,1
就是很喜欢这么画自己 ，但是别人不喜欢就嘴臭，活得过于自我了,1
不分还没测过,1
你不会是打算以后舔xxn的时候安慰自己“有担当”吧,1
你脑袋空不要紧，关键是不要进水,1
我 糙 私 他 的 嗎,1
一个天天靠卖淫拿她男主人钱花的妓女罢了，男主人快死了再偷走他一半财产,1
给这xxn两刀，把胎盘挖出来扔牠脸上看牠还发不发电肥肚婆能不能好好呆在家啊？出来恶心人死了活该,1
厨子也是依托四,1
你拉倒吧，你长得帅这招可行，长得一般还没钱，女的鸟都不鸟你,1
山东人在哪里？怎么让狗上桌吃饭了,1
说了你把她约出来爆操一顿变成你的性奴就好了，学一点钓钕的技巧，对线什么的,1
审判过了，微博最高仙女法院审判的,1
没有父爱的人是这样的,1
有的人呼噜确实和泵车声音差不多大,1
给大家讲讲我小丑的故事吧。该怎么办，哎,1
希望他以后的老婆吃过别人的国男投灌了满腹的白浆,1
这狗屎图怎么还没被禁？,1
啊对对对，我们都是学习毛厂模式的，衡水模式狗都不学的,1
有意见鳖着，不然妞妞给你说烂,1
发抖音、丑陋、爱抱怨、无能、小仙女,1
这是男的，你要知道男人情绪比女人稳定的多,1
这种建议扫地出门,1
让她滚，反复无常的,1
在这方面性别有啥矛盾，都是得努力干活挣钱养家吧（拿逼挣钱的xxn和吃软饭的除外）应该不至于有男的真的因为嫉妒丁真的颜值才黑他吧。。,1
玩原神玩的,1
你怎么长得跟二维码似的，不扫一下都不知道你是什么东西。,1
本来吧里干的都是好事，发XXN逆天的言论，也是警惕大伙小心这种女拳婊,1
虾头楠，回复一条评论就开始颅内高潮了,1
差点被骗财骗色的老Joker小丑,1
2，莫名其妙动机不明的客人我也不知道是我家店的问题还是什么的问题，总有脑残客人喜欢点完餐之后堵在门口，牛魔的你又不是打包的为什么不能去座位上等啊，堵在门口我盘子又端不出去我泼你脸上是吧,1
狗屎，抽了半包给嗓子抽坏了，最后都不敢捏爆珠了,1
你不是人还是别人不是人?,1
那我不得yy成为您这样的成功人士捏，这种看着人就要大声叫两声体现地位的大人物捏,1
玩袁婶导致的,1
玛德，等着更新咋被和谐了,1
有条评论骂得好，他就是个蠢货,1
真即把恶心啊，刨根问底搁这查户口呢,1
你皮燕子架得住屎吗,1
改都不改是吧，学术不端,1
错误的，以前大部分提起他都在疑惑他是谁，现在都知道他是个小丑了,1
，但没事儿就挂孙吧的楼主没叽叽捏,1
我可去你们的吧 你们几个 在这里 辱 ? 辱什么 羞先人啊 那些蜥蜴负能量 把 把你们洗 ! 洗坏了 完了 辱了 日,1
无差别攻击就是破防了？你这点脑子也就这样了首先你先看看吧名，其次大多攻击的是楼主和商家麻烦你睁开你的其它眼看清楚,1
你这样子我没高血压看了都得直接七窍流血爆浆而亡了,1
多来点，这笔dinner小丑贴好看多了,1
编不出来了？,1
怎么哪里都有你这个没母的串子,1
死了母的这男的，鸡巴把下头，上来直接怼着问感情史智商低情商也低，不会聊天建议重开，就这闹颤水平还搁网络上找对象,1
爸爸那边的亲戚 我家之前家里困难的时候 哪怕是一起生活了好多年的爸爸的亲姐姐（自建房上下层） 都过年在我家门口讨债她家那个女儿嫁了个有钱的老公还嘲讽我家 小时候每次那个女的回来我妈还给她包饺子吃 当喂舔狗了,1
你是敦煌啊，壁画这么多,1
凭云锤和小鬼多,1
为什么都说老登，因为有些人越老他性格越怪。特别是对自己的亲人苛责阴阳怪气，对外人反而亲热的很，我总结为“农村老登的局限性”。,1
老东西不爆金币活着还有什么用,1
抽芙蓉王≠源p,1
不同情只嘲笑,1
像你一样到处问,1
楼主你自己去裸贷吧,1
那么问题来了，你怎么判断是不是处女,1
属于是大头小头都长肿瘤了,1
她在槽里吃的香这呢，别管她,1
你个大傻逼,1
鼠鼠没有文化看不懂捏。不过鼠鼠也喜欢射在她脸上捏。,1
别想不开，真想重开前来给我操一下批,1
冷知识，你们当成亲爹一样各种连洗带护塑造成一个受害者委屈人设的幻风是真投毒威胁过身边人，精子哥的小作文一直放不出来被嘲讽薛定谔的小作文，而你大安爹一句几十万私信你们这群野种东西又全信了,1
真的自私，有几个臭钱不知道自己是谁了,1
龟太多了，都是惯出来的,1
你一幅怂样，真让我恶心。。自己爸妈爱护自己，她破防干嘛？？她破防了喊你滚你就滚？？任由别人定义你是妈宝、爸宝，污名化宝贝这个词？？？,1
这么低端的骗术 真当傻子不够用了是吧,1
多了顶多就是个小三，还想分财产下辈子去吧,1
还不是舔狗太多了,1
楼主给你看个小丑,1
我也觉得 别给楼主看爽了,1
你受的了你儿子小学跟你讲他心理性别是女性，要剁碉?,1
你他母今天别想上桌了棍倒阳台去吃,1
第一张还能算个人，后面两张就是纯纯的贵物,1
贴吧怎么没人 都死了?,1
似了姆的这男的，真即把下头，上来直接怼着问感情史智商低情商也低，不会聊天建议重开，就这脑瘫水平还搁网络上找对象,1
没教养的野孩子,1
xn你也别删评奥，看明天是打男圈的人多还是觉得你魔怔的人多,1
牺牲了个鸡毛，看了都想吐，这就是版本t0？,1
我以为我能喜怒哀乐取决我自己。,1
🪵🪝好 4，建议冰箱冻一下再打，嘎嘣脆,1
这种攻击力就破房了？不可以哦,1
网络**孝子贤孙们急了，它们的幻想精神支柱被娱乐了（乐）,1
跟xxn有什么区别不知道，跟你们的区别就是，不会被xxn爆金币，不会变成冻肉躺冰箱里，也不会被xxn亲爹屠了满门,1
说的什么狗屁不通的东西,1
你就是个废物，承认吧，废物中的废物，,1
上了大学还看唐狗没救了,1
知道什么后果，和同学玩说一声不就行了，你平时是有多👻？,1
你才是虾头男。我要日逼就去嫖,1
平常啥事不见他出来，一有机会就跑出来哗众取宠,1
确实，就算是无脑爱国那起码也是爱国到时候成汉奸就不好玩了,1
鼠鼠生活在下水道里，看到一对真爱暗暗揣测女的肯定lkd男的肯定龟男，甘愿堕落在泥坑里还觉得所有人都应该在泥坑里,1
不，我觉得是你没脑子。这种b到吃饭那段我直接开骂,1
b站都是自由主义小鬼，变性都提倡的那种，我的建议是滚去莓果，那里最自由,1
2鼠鼠还是有点气所以直接骂她看看这b娘们怎么圆,1
这是抠出幻觉了？不先看看自己什么β样，值得人浪费时间搁那看？,1
阳阳姐，我想透你,1
你要是混的不好，尼马都嫌弃你,1
他人建议你把牛牛割了去小红书那里更支持你的致帐言论,1
还有那种哑巴客人，全程就那手在哪比划，也不知道说句话是不是会杀了他,1
你鸡儿被勾咬了一半是不是,1
1:你就知道饭香屁臭2:你看你脸上皱纹平的，你能活到180岁！3:社会把你当人才培养，社会倒退20年！4:你要是我儿子，我能把你脸扇成盆儿！5:（同学上厕所吃到）这谁啊，一股厕所味6:（课堂上吵）一群尿壶里的苍蝇嗡嗡嗡！有比我精彩的评论区胡麻,1
小红书上xxn怎么了,1
也不知道你为什么总是不用你脖子上顶着的那玩意儿思考，你说你活着除了衬托世界有多么美好之外你还能干什么？,1
怎么没有慈小鬼,1
别哪天给自己马上了,1
我要是涨个13我也会发照骗,1
哪有你活着丑恶,1
这不让她认清现实？xxn天天沉浸在自己的yy里，哪怕是亲人也别手软啊,1
老东西我直接抓过来做星怒让你天天爆金币,1
单纯的FW欺软怕硬罢了，真精神是不管差距的,1
接你妈语音，干他,1
看见没 楼主 玩原会这样,1
人们常说“酸儿辣女”，你妈怀你的时候爱吃酸辣粉吧。,1
没死呢？没死就赶紧更,1
缺爱波刚gun,1
离离原上谱啊你这属于,1
小丑小丑小丑小丑小丑,1
下头男，回复一条评论就开始颅内gc了,1
楼下说你撸管炸膛了,1
你问她装什么阿，一脚给这个屁事多的婆娘踹下地，让她知道谁才是这个家的老大,1
缺爱dinner 下一个,1
我刚跑路，妈的，逆天是真的多,1
你他妈的,1
两个都不满12岁？那现儿童版本是不是已经超过xxn版本了？如果用儿童版本对抗xxn版本会怎么样？,1
你爹在说戒不了撸管的飞舞 没想到飞舞自己就对号入座了,1
公共场所抽烟的都死妈,1
真羡慕你自拍就是全家福，团圆饭一个人就能吃了,1
那你提你nn的女大学生呢？还辅助，不就是想迅速找两个异性高手给她解决问题？人家题主自己都没觉得有问题，你们这帮rz开始脑补了,1
要我说你就是不懂呢，这种事就得给懂得人说，你不懂就不要乱说，我这么说你懂了吗,1
你这成分确实挺复杂的,1
糖妞是你亲爹这么关系天天往吧里搬？,1
小时候看意林就不相信里面放的p，长大了翻出去更觉得小时候的自己是对的了,1
高一就玩上了孙吧，保送带专是吧,1
老东西破防了,1
蹬鼻子上脸的东西,1
一群啥勾还想上桌子了,1
一群傻狗还想上桌子了,1
找鼠鼠要初一同学的微信，当然，这个脑瘫不出所料的记错了人家的名字,1
还搞什么十六字箴言？不用这么麻烦，就三个字：直接骂。你一上来就没收它的噙痲，然后把它贬为丑逼，你看看它还敢不敢发电了,1
二刺猿真恶心,1
你少吃点垃圾玩意估计屎就不会如此之臭了,1
祝长命百岁，孤独终老。,1
很难不歧视,1
那个人纯傻逼，刚吃几年饱饭就开始满嘴喷粪了,1
有些人是单纯的纯爱，把第一次看得很重，有些人只是单纯没人要,1
不要用你无下限的智商，来挑战我忍耐的底线。,1
似了母的这男的，真即把下头，上来直接怼着问感情史智商低情商也低，不会聊天建议重开，就这闹颤水平还搁网络上找对象,1
马上成为黄牌老登,1
二刺猿是这样的,1
你还骄傲上了,1
你老姑背着你用一次性筷子，离了吧xxn,1
真fw不会爆中专仔的金币吗,1
都是撤硕了 偶尔能喷出屎也不足为奇,1
不用心急，先看聊着，骂太早就没乐子看了,1
牧垢pua你呢,1
我 操 死 他 的 妈,1
我中上都玩 神分战士和传统法师都会 法师都加强了几个版本了只有你这种菜逼天天在这哭弱,1
抑郁还不赶紧分，哪天把你杀了,1
恕我直言，你这女朋友不会是福利姬吧？,1
这都不分？ 还是说你不会反击？ 桂南414,1
你是懂如何当小丑的,1
以前网上看见情侣，清一色的说的都是祝福，自从有女圈后，不说女的脑瘫出来很多，男的也有，只能说，互联网普及率慢慢高了,1
你是剑碟吧，怕别人来查你,1
有一说一，你也是脑瘫,1
回复 是原神！他玩了原神！ :是原神！他玩了原神！,1
性病就性病，还解释,1
找老妈要钱的时候都是那笔态度，恨不得给他两耳光,1
一群人没被毒打货，等被毒打过又来厌女，一群nt闹麻了,1
都是整容的，当然差不多,1
确实，当断不断，犹豫不决的废物,1
先爆币,1
这种恶心的东西不少，我们初中的时候我怀疑有个男的性取向不正常，他和另一个男的走的时候老喜欢摸他屁股，真的一股恶寒，甚至我们班主任都知道了,1
老东西没人回真可怜。,1
什么新时代dinner,1
最大的败笔不是吸引圈外人而不整个新的垃圾桶？,1
可以可以  比吧里其它嘴硬的小丑态度好多了,1
寻x滋事，扰乱xx治安，带走,1
你的脑子是一点不长啊,1
快快快，最喜欢这种能装的东北人了,1
p瘾犯了给点阳光就灿烂了,1
烟鬼脑子马了,1
？你点的素菜，嫌它没有荤？,1
有人穿lo就擦边了，你这么容易高潮,1
谁破防连发三条长篇大论我不说，毕竟我不像你木的楚钕磨，三岁就给人捅破了,1
你复杂的五官，掩盖不了你朴素的智商。,1
阳颜丁真，鉴定为：彼阳的初升,1
能咋想，服务员还能杀了你不成,1
他上个帖子讲了这个姐的逆天女泉，不过帖子没了,1
一是你没弄爽她，她看不起你，第二，你像个傻狗，把她变成泡友不好吗，还负责  笑死我了,1
混账，这种鸟人就该嘶,1
笑了，还有这种fw存在,1
有病？反对虐猫的就是xxn？猫把你马强奸了，这么恨猫？,1
恭喜恭喜 你女朋友要找到新的泡友了,1
感觉有点假，两个傻逼凑一块的概率都很小了，5个傻逼凑一块基本不可能,1
一群无病呻吟的脑瘫,1
能对这种事上心，是有多脑瘫,1
有理就是牛批,1
是一米八一下是二级残废吗，怎么现在又变成strong了,1
看到别人以不同方式创作就认为是黑，它们也就这点脑子了,1
蓝牌给我磕一个,1
今天被我们的仙女老师打拳了，楼下细说,1
确实 我的问题小丑小丑小丑,1
鉴定为龟,1
怕你偷偷爆金币,1
本科说实话也废纸，全民本科了，大厂只要985,1
没事，我ip跟他一样，我骂他,1
你俩要不喝点汽油清醒一下？,1
有什么好管的，是你妈还是你女儿？,1
无妨，因为有很多男的确实希望女性灭绝，不过现在话说回来，都有人造子宫和人造卵子了，放开生产后还需要什么女性？,1
评价个锤子，违法行为还评价什么,1
那个人纯纱呗，刚吃几年饱饭就开始满嘴喷奋了,1
有一说一，我感觉把虾剥好之后用卫生纸包着是挺恶心的。,1
大奋搬运工是吧,1
这么有钱不买华硕的？贷了多少款买的4090？这么有钱有实力还坐地铁？还没我一双鞋子贵，真反胃出门碰到这种喜欢炫耀的出，花一万多买个b显卡还坐地铁,1
楼主没用的东西不知道攻击回去,1
一句捏也就能把成分看出来了，很符合我对粪坑饭友的想象。,1
大学真的能把人变成骚鸡,1
西男看到同乡的xxn都感觉到恶心,1
男的就是下头有什么好解释的？装的冰清玉洁的，谁信啊,1
她姐知道运气好，为丈夫骄傲。比现在吸你血还嫌少的xxn好多了,1
那个人纯傻逼，刚吃几年饱饭就开始满嘴喷奋了,1
点开昨夜星辰的主页，性别女，你明白了吧？岁月史书可是xxn的被动技能,1
小丑起码还会逗人笑来赚钱，龟男只会把钱给xxn,1
没事，下辈子你去做世子,1
那个人纯纱呗，刚吃几年饱饭就开始满嘴喷粪了,1
存钱整形不就好了，没有任何人会一直丑下去。看你的样子，你比较受恋童术士的喜欢,1
所以说同性恋都该杀了,1
商家自己炒作的，要是商家不告这女的我就要攻击商家了,1
你回复楼主时也很丑恶,1
相死自己寻死，别祸害别人就行,1
哥们知道那边是粪堆都不去凑，你倒好，非得把屎搬过来恶心大伙儿。,1
你发小红书只发学历，不发资产没人要你的，你发个存款2kw，一堆女的找你,1
rz文案还不让人说了？,1
家暴这种东西，男的女的都忍不了，我很好奇，你没有火气吗？第一次把你打成那样，你不会还手吗？把她打服在分手，然后你挑了一个没有监控的地方，单方面的还手，只能说龟男不得好死,1
恶臭孙8男哪能看懂这个依我之见，全是勾史,1
她这就是自己想出轨了，又怕被人瞧不起，就先把问题怪在楼主身上，等闹掰后顺理成章找下一个捏,1
他主页都玩原神了，顺从呗，毕竟孤儿领养栏那行只填米哈游的傻狗是这样的,1
乌龟好似，希望他被高利贷追债上门达斯,1
买食物不要钱吗？提倡节约用水用电是因为人要交水费电费，它这种就是sb,1
这也不是二次元啊，而且24岁看这B东西，什么逆天唐人,1
跟他们划清界限，又不是过去老古董，不能为了找伴侣而xjb找,1
没出息的东西,1
你家的牛一年四季都在田里犁地是吧,1
不是哥们，我是来看这个的？,1
符合女性人设，全天下都得围绕她,1
你借走了人家怎么办 闹谭,1
给乞丐钱就是错误的,1
完了要狠狠的当白莲花了,1
飞屋，怕别发，发别怕,1
没事的，我便让黑哥去荷兰，定能将他侮辱口牙,1
串都不会串，老板是你爹啊，为了你连生意都不谈了。鉴定为扣欢乐豆扣出幻觉来了,1
真有男人能这么干，她们也只会觉得男的作怪，恶心。无论怎么样都是他们说了算，纯纯是b水流进大脑，噴啥说啥,1
第一个也是串，xxn一般会说女装变态,1
贼比，揍一顿就老实了,1
雷军放到任何一个时代都能靠自己的智商做大，小杨哥是个几把？,1
笑死了，我专门找过去看，集美明真是团团又结结,1
女方猴精着呢,1
乱葬岗是吧？,1
方孝孺都没他死得多。,1
看乐了，是不是以为大伙都跟你一样没有底线啊,1
他帅的时候你还是个液体,1
想多了，自己都是个**炮王嫌弃人家是不是几手。当然你自己是什么找什么无话可说，但是这社会谁知道你经历过什么呢，在外面读几年大学工作生活谁知道你的过去呢。全凭良心，但这个社会最没有最不需要的就是良心,1
不到173的挫逼也想装高冷,1
这种弱智发到糖吧是真恶心,1
说了你把她约出来爆炒一顿变成你的性奴就好了，学一点钓女的技巧，对线什么的,1
你真是个脑残,1
做人不能这样，缺狗粮才知道来找我?,1
给操吗，给操就不胖,1
缺德事干多了，,1
孙红雷？靠当鸭子上去的玩意儿这么说只是职业基本素养罢了,1
女朋友而已，又不是老婆,1
我不会和比我穷的人吵架，我觉得他们真的暴怒起来会千死我。如果富人和穷人跟我吵架，我愿意选择富人，他会害怕被我千死。,1
同应该全部去死，还是图少了,1
呵呵，真以为你好好说话这女的就不生气了？这不是就是故意给你摆脸子？再说出去玩谁能那么及时的回复消息？,1
原p要从小抓起,1
我为什么要听你的让我善良，好让你得寸进尺,1
让我日一下,1
去会所想三百一夜卖出去都没织男要   懂了么,1
有没有可能表面上一票否决清北，实际上是自己长得不行家庭也不厉害学历也不行，清北的不会考虑她,1
楼主一眼丁真，鉴定为龟男,1
就是喜欢攻击女性身材和容貌，仇恨女性，贬低女性，怎么了，犯法吗？违反道德吗？,1
楼主，你就是xxn的一条狗捏,1
有些看似白纸，其实是已经擦过屁股的纸,1
您莫不是跟那个二姐是一路人吧不行就挂个号去,1
这就是典型的父母那边没能力但是心比天高，自己存了大半辈子的钱都拿不出一套市区房全款的话，老老实实在小县城呆着不比这样天天背着压力活着强多了,1
b站都是自由主义小鬼，变性都提倡的那种，我的建议是gun去莓果，那里最自由,1
体育课，有女生穿裙子趁他们练体前屈时偷看,1
看你说话的逻辑，直肠通大脑吧,1
爆笑了,1
不是舔狗吃完才轮到耙耳朵,1
恶搞这几位问题不大，本身都是小丑。,1
偷外卖的必死,1
女170可以了，按照xxn换算法就是男190,1
不要把自己想的这么好 还纯爱战神 你21岁拿什么贷款50万 就算贷到了 拿什么还 不还是靠父母 龟男死一死,1
挨个屁，底下不都得一个个的女性共情能力强吗,1
我敢上桌吃饭，你敢吗,1
这种不是纯rz？,1
就你那毕样，也配有人害你？,1
我还在给军训认识的女孩子当舔狗,1
看的我心里发毛，是只有中专妹大部份这样还是女的就有不少……,1
校园墙表白墙扩列的不管是男的还是女的统统认定为nt,1
抑郁还不赶紧分，哪天把你啥了,1
但凡她说“我就喜欢这么化妆”我都愿意帮她说话,1
如题，鼠鼠已经做好小丑觉悟了,1
你的链子只在关键时候掉,1
接盘就好好接，想些有的没的,1
给我逗乐了,1
嘴就是不能闲着，天天路过都是看到几个xxn在那里流口水,1
我的评价是看到这种人就上去骂，因为我骂他也是我的自由，对应的他有骂回来的自由，但是不能干涉我,1
爆个金币先,1
听见这个女的声音我就烦 光想给她俩大比兜,1
跟挠谭讲道理,1
感觉你也是太上头了，谈过十几段的人了，这种女生按理说就是和她各玩各的，各取所需而已，她这种也不值得你去搞纯爱。而且也没有多纯爱，只是对她的占有欲过剩了。这种女生还是玩玩的就好，不配你花这么多精力的,1
跟阎王抢人很累的好吧下次多给人家几块肉,1
老东西谁让你发花季的,1
来医院治一下脑子吧，兄弟,1
越来越小丑了，而且感动中国人物？这种东西咋好意思说出口的,1
就像听懂的给掌声那比一样,1
十年养个白眼狼，生物爹，需自强。糊口一行，红薯话凄凉。紫色心情调三档，水倒流，入大脑。昏迷入梦忽还乡，养猪场，正吃香。网上发电，回话算破防。肚子褶皱千万层，像波刚，算微胖。,1
北大爷您吉祥,1
xxn见多了就不奇怪了,1
笑死了，你上辈子肯定是做了太多恶事，被投胎到穷苦百姓家，一辈子打螺丝还房贷车贷养祖宗，生病还得坚持打螺丝，一天干14个小时不能休息。,1
男 同真下头,1
糖妞是你芹跌这么关系天天往吧里搬？,1
不需要做太多出格的事，脸凑近她，猝不及防吐口浓痰进她嘴里，够她回味很长时间了。,1
存钱整形不就好了，没有任何人会一直丑下去。看你的样子，你比较受炼铜术士的喜欢,1
多亏了那些ylg，从逗阴小红书带群真若至过来,1
别侮辱625,1
老东西就是会比喻,1
这不是女生，这TM是kgb,1
你觉得这种情况她都能发癫到这b样，以后结婚了 父母老了需要照顾的时候咋办？ 爹妈要是想你了来看看你咋办？ 甩着几个b脸给谁看？ 就这态度对父母？,1
她就装个样子，看给你们吓得,1
墙挡的是没能力辩驳的人，就像锁挡的是无自制力的常人一样。 真弱智也没法。,1
老东西还来水？,1
就是吹逼多而已，没有外挂穿越到哪里都不舒服，有外挂穿越到哪里都是后花园,1
我直接打一胶。打进你的饭里面，给你加点营养。,1
成年了还天天听家里的飞舞,1
没关系ying不起来你可以去卖批燕子我点你,1
女的更该死 同为女性既然想要男人尊重女性自己就应该尊重女性 而不是拿其他外貌上不如自己的女性来凸显自己给自己找心理安慰,1
你没了爹和妈,1
虽然不想理会此辆坦克，但是其在鼠鼠嗦粉过程中持续的骚扰让鼠鼠十分不爽,1
性动上越来越开放，思想却越来越保守，这就是xxn吗,1
飞机大上天，给你带来了什么启示？,1
有意见鳖着，不然牛牛给你说烂,1
你是没长脑子还是没长眼睛，我说的是这舞也不是什么伟大的事就普通娱乐，让小丑跳就跳了，官方没必要这么大动静,1
婚前一定要试试的，不然到时候婚礼办了，彩礼给了发现这方面有问题就完蛋喽,1
所以网约车不拉母人是正确的,1
看了你的评价基本都是山猪吃不来细糠,1
看见路上有条狗再吃屎你就也得上去吃才不算双标？女的这么干纯脑瘫男的也一样为啥不能骂？龟男的话另算,1
会发出臭味的垃圾人，唾弃名词的源头，,1
经典让你猜，我猜她妈还是处钕我猜,1
若知是这样的,1
直接跪下给女朋友道歉，求求她到时候玩起来加你一个,1
我真TM想抽死这女狗,1
你是第一次那就分，不是那就继续处,1
一群串子串子太多就脑瘫了,1
你问她是不是没爹,1
你在对8u们说什么，不怕被缠上而导致剩余的旅途不得安宁，你就站出来给xxn两巴掌，看她还发不发颠,1
花钱哄人家？,1
罪魁祸首不是他兄弟吗，女性也是被压迫的,1
别人送你杯奶茶你就觉得别人要跟你恋爱，这种难道不是普信女？,1
楼主，这不分手，她哔哩有大麻？,1
江西尼玛呢，看不到IP是广东 ？   一看就是潮汕的,1
你个初生，小狗狗这么可爱，你居然这么做,1
未成年保护法确实逆天。前阵子投毒和击剑的都没事。,1
byd还挺自觉,1
批瘾犯了属于是，搁这玩尬的,1
没事至少有坟头蹦迪,1
你的三观正就正在跟着唐妞的三观走是吧,1
大傻春你要干什么！,1
长得像个皮蛋放旱厕里发酵了一年包浆的玩意 看一眼都要瞎了,1
去你妈的耳鼻，哭个戟把哭,1
真的，你适合去种植园里当黑奴,1
恶心玩意,1
不就是一堆冲脸刺客直接把法师射手逼冲烂吗 法师射手玩家脑子是不太好使的,1
给他妈一拳看他还敢不敢发颠,1
没妈教的杂种标题五个字哈人，老东西们顶住，我先润了,1
要是我我铁定乐坏了[表情]，这b铝的把它牢公说的越厉害越好，这泼天的富贵砸下来了一定要把握住[表情],1
女的更该4 同为女性既然想要男人尊重女性自己就应该尊重女性 而不是拿其他外貌上不如自己的女性来凸显自己给自己找心理安慰,1
快进到留学回来觉得你配不上上她 被分手,1
已经被小头儿子控制了，楼主现在是10头牛都拉不回来了,1
要是我我铁定乐坏了[表情]，这b女的把它老公说的越厉害越好，这泼天的富贵砸下来了一定要把握住[表情],1
看你嘛，马赛克都有你那爆皮垢厚了,1
我不想知道你有病，别表现的这么明显好吗？,1
好说个屁，欺骗了一年多，你选择原谅？？？？,1
鼠鼠以自己社交的手腕终于将自己和同桌的关系搞好了一点，能正常说话了，她就开始挎着个批脸面露杀气,1
o神哥是真真正正的超级op，以后会说到捏是个真正的乐子，是个让孙吧瞩目的大活,1
举例不就是吗？那女的没个批他会掏30万？所以才dinner为了批花30万,1
诗人?这素质怕不是个孤儿,1
有男闺蜜还谈？我只能说龟男好死,1
艾疣，梅逝的,1
真羡慕你的皮肤，保养的真厚,1
给你两巴掌看你发不发癫,1
楼主我给你看个小丑,1
没脑子的人什么都不会，只会装逼。,1
吸毒本来就是无罪啊，楼主你是学新闻的,1
部队调教给你脑子调教坏了？真成性了,1
刚刚20我也是，不过你应该说批瘾犯了,1
如果是假的我希望是真的，如果是真的我只能说好似,1
不知道啊，我不认识这个博主，不过清华确实成分复杂,1
看见路上有条狗再吃屎你就也得上去吃才不算双标？女的这么干纯脑瘫男的也一样为啥不能骂？圭南的话另算,1
所以说学新闻学的,1
哪有设？我看你是批瘾犯了,1
那也比喜欢楼上这女人好一百倍，你们是真不挑,1
吧主是孙狗还是丁真,1
魅魔还有着十分变态的占有欲 之前她以班长的职务之便成功把我安排到了她的好闺蜜旁做同桌 以为能将鼠鼠赶尽杀绝,1
在开车的时候发癫，还不抽，你还在这替她说话，没救了，早早来一巴掌，或者你在狠一点，她敢赖着你？跑都来不及,1
这种我一般不看直接一拳打死,1
其实你贱起来的时候，没人敢跟你比,1
贴吧的弱智不是真弱智，看真弱智更好玩(确信),1
看到这B昵称就绷不住了,1
老东西就是透彻,1
**一个，喝了几瓶尿不知道自己是谁了,1
医生呢，赶紧救一下啊你这脑子还是别逃出来了,1
我们北方人遇见这种直接给强 了,1
注定的改变不了 :他能活着就证明他不是你这种挠谭能理解的，说不出一点黑料还让人别双标，难道你这种飞舞被攻击到了，所以他就是双标？你是什么品种的见初？,1
你不如v我二十，我还能买个刚腮给你爽爽,1
怎么哪都有你joke,1
他都吸毒了我不污名和歧视他那他岂不是白吸了？,1
没有土木卖银的都得失业,1
玩玩又不吃亏，她前任怎么做的你就怎么做不就完事了？谈恋爱又不是结婚，这可是现在女人的爱情观,1
那你是真fw,1
上嘴脸了是吧,1
正解，自己的命自己珍惜，别和烂命一条的人一般见识,1
楼主群里人，一眼丁真，假的,1
你再有劲你能憋住尿吗？,1
女的确实是带恶人，但是不管咋样，其实救人一命也算是大善了。善恶终有报,1
你再不攻击性强一点我就要骂你了,1
起性欲了,1
管不住那个逼嘴.迈不开那个肥腿,1
建议学学天线宝宝，脑袋上装个天线，时刻清晰一下自己的定位。,1
人类手是干嘛的？你把所有对人类有利的都ban了然后说人打不过虎？你不如直接比一下人类和虎的肌肉，直接说老虎赢呗,1
分之前一定要狠狠的攻击她,1
你好歹还知道难受自责，有些逼养的完全事不关己,1
上门了两根肠一个蛋不会打吗fvv楼主,1
老东西爆个金币,1
怎么一个正常人都没有⚆_⚆？,1
废物滚出克,1
快进到我在国外认识一个黑人朋友，我和他什么也没做，你怎么老是怀疑我们两个，其实那天晚上我什么也不记得了，我是无辜的，你不是真的爱我,1
也就老登能这么闲得蛋疼吧,1
有几个小仙女会下steam我请问,1
要是我我铁定乐坏了[表情]，这b女的把它牢公说的越厉害越好，这泼天的富贵砸下来了一定要把握住[表情],1
幸好你伪装得好，不然我真的以为你就个狗呢。,1
这byd之前对他的好全忘了是吧养条狗不比这强？,1
杀光沸羊羊,1
老东西，该交窝囊费了,1
属实有点脑残都不认识就打上电话了,1
是我是我就憋着，再操几个月再分,1
真丑，开美颜都这么丑，真人得有多难看,1
之前外国有个富二代几十年就花光了20亿美金。如果堵狗的话更快，多少钱都不够。,1
蠢货，攻击性一点没有，更像个小丑，他和他女朋友无缝衔接来的，看的人窝火,1
一日三餐都在吃shit的低能小学生,1
这是精神病吗没看出来和女q有什么关系,1
不是她让你出来玩的？她牺牲什么了？我个女的都没法理解她 我服了,1
樱花妹已经被现实吊打过了，国内xxn可还没有呢，这霓虹老哥以后怕是有的受的,1
二级给我磕一个,1
薄杀这舔狗玩意,1
他能来厕所吃屎，甚至给大家品屎了，你还能怎么办？,1
一边又说没有高端低端，典中典xxn发炎,1
别天天在这龟龟龟的。人都结婚了想着好好过日子一点没错，满脑子网上的屎；处理不好再做其他选择才是正确的,1
最主要是话语权问题，有太多傻鸟吃外国人那套了，以为外国人嘴里的就是真。,1
热恋期小情侣觉得对方可爱没什么，但是没有过被人爱经历的低能只会觉得是抠搜，连热恋期的感觉都没尝过的人不知道什么才叫两情相悦，一眼丁真鉴定为缺爱波刚,1
不要把自己想的这么好 还纯爱战神 你21岁拿什么贷款50万 就算贷到了 拿什么还 不还是靠父母 👻男嘶一嘶,1
推荐你直接网贷借点高炮来给你女朋友圆梦 你帮他抗下所有就好  爱她就全心为他付出,1
参军身上有疤都不行 更别说纹身那种恶心东西了,1
畜生不畜生不重要，相处舒服就行，老畜生女也有不少性格有问题的,1
什么脑瘫都能考上学，气死我了,1
可以爆个金币吗🥰哦不爆啊🙂不爆就算了🙄行吧其实我也没有很想让你爆笑死😂你挺小气的哈哈哈😂搞笑死了你真的很装,1
问题在言论，中国男人娶了外国人那就夸那个男人光荣，中国女人嫁了外国人就骂那个女人是耻辱，双标玩的一套一套的,1
没用的东西，找你你不会喊8u一起,1
b站都是自由主义小鬼，变性都提倡的那种，我的建议是gun去美国，那里最自由,1
可以的，楼主还是有脑子谈恋爱的，在孙吧太多小丑了,1
这都要吵，吃太多了,1
楼主死了？还不回复,1
因为一直这样做没出问题，所以为了不出问题就一直这样做，突出一个没有脑子罢了,1
这种渣男不分你留着当传家宝吗,1
你老公是买不起汽车给你开吗？为什么不离婚？,1
提前分好家产让她滚，死外面去,1
Xxn说的对,1
手臂上是花B，少部分人纹来好看，大部分纹来装逼，这类人嗝屁了认尸方便些,1
其他地区的人顶住 让京爷先润我马上入党了别告我我投降力呜呜呜,1
您头上有呼伦贝尔大草原,1
我妹妹去小卖部买吃的都知道给我带一包，自娱自乐的小丑。,1
嘴闲就去舔马桶，别在这叭叭的。,1
老东西很幽默,1
是女的我就不信就不支持不管对错,1
漏屎佬啊，没事了。快快重开,1
口这种东西肯定在做过很多次了才有，我指的是咱们普通人处对象，不是烧鸡那种,1
能透就行了 别要求太多,1
黄牌老登天天吧里看龟男，还是有点攻击力的,1
8u们认为这种行为是对是错，因为这个我痛骂她一顿。,1
因为你不能指望一群智商还不如地主老财的玩意讲究耗材的长远使用，他们只会超级博学本地人，这一点猫猫也说过了,1
好个屁啊，你看他嘴唇都他妈没血色了,1
什么脑瘫字体,1
孙处经典意淫自己能占领全网,1
就为了去操个避没必要这样吧宝贝,1
啊米诺斯，就当是为了你爸妈好吗？对她们一家使用军体拳吧,1
妈的，跟我女朋友一模一样,1
觉得自己理亏的时候找人垫背，明显现在这态度就是觉得是楼主强坚她了,1
母狗是这样的,1
谢谢老东西先走了，再见奥小鬼,1
评价你妈，共用设施拿来洗裤衩的不怕自己鸡儿长蘑菇，别人都怕沾上,1
这么好骗笑死我了,1
女神背地是沐苟,1
贵是真nnd贵,1
4，飞盘高手2的升级版，堵在门口后死活不让我端过去，一定要自己端，然后啪的一下没接稳摔了，你踏马真有猫饼啊？,1
网络上烂人太多了，还得回归现实。感情到位了不想结婚只想着do的，说明只有一方感情到位的，另一方纯性瘾犯了。,1
你以为雇水军不要钱啊？超级贵的。你们就是给它赚钱,1
人家生不生孩子好不好看****！不知道xxn在ky什么,1
又开始在这造人设了，这是否有点太装了？都让你尬完了！,1
我觉得讨厌的不是胖女，毕竟身材这个东西很难把控的，而且她们还是有自知之明的，讨厌的是又肥又蠢还自我感觉良好的猪女,1
说实话想打她，但鼠鼠得装一下,1
你跟莎士比亚有一半像，哪里像?莎 比,1
真恶心啊这玩意,1
偷外卖的都是什么减重,1
我觉得他没有怀疑楼主，他表明来意加好友打视频都是一气呵成的，大概率本来就是想找个雌性动物来发泄一下，而且在刚认识楼主就开始吐露心事（有些女的表里不一）有戒备就不会在网上乱找人聊天还要发视频。多半是牢二要痒痒了，估计是个初中到高中的学生，激素比较多,1
喜欢体味大的是吧,1
没错。就歧视纹身咋的,1
丢人 出去说你是玩小红薯的,1
两个弱智,1
dinner,1
给自己来上一比斗,1
错啦，是毕业回来再翻脸不认人，中途还要靠他爆金币生活,1
你怎么还认起爹来了,1
上门了两根肠一个蛋不会打吗fw楼主,1
纹身的要么黑恶势力，要么脑子不好使。纹你说的这些的占了后面这条,1
普信女，真下头,1
你在对8u们说什么，不怕被缠上而导致剩余的旅途不得安宁，你就站出来给xxn两巴掌，看她还发不发电,1
这b图看一次蚌一次,1
纯移动ATM,1
上桌吃饭导致的,1
妈的，xxn不管在哪里都这个逼养,1
GKD GKD 更的慢掏你鸟,1
这是有点恶心了[吐],1
别羡慕，父母离异换的,1
这么好赚怎么不用自己的钱买,1
小头占领上风了,1
吃完饭还这样赶紧跑路吧,1
那你还问什么问？说了也不听，还什么我真的喜欢她自己心里有答案还在这里装模作样的问，问问问，问牛魔,1
北带爷您吉祥,1
你是个击捌非得接你电话？你没你妈的话说了，妈的上来就你b话最多，给你点回复真给你妈的那p脸装上了，都说小头控制大头，我现在怀疑你妈的大头是下面那个,1
你最好别被我找到,1
能生偏要去领养不是遇到了真的神经病了吧,1
黄毛+陪酒女，典,1
碰到以前我会说我是山里灵活的舔狗，现在不会了因为这样子的舔狗都不如,1
小圈子里玩玩就好了，非要上大街上恶心人，还是个日本虚拟歌姬，国仇家恨全让你给忘光了是吧,1
真鸡巴恶心啊，刨根问底搁这查户口呢,1
去你妈的二逼，哭个戟把哭,1
如果是假的我希望是真的，如果是真的我只能说好死,1
双标是这样的,1
曲逆马的二逼，哭个戟把哭,1
单从这句和上面那句来说，说话是真直，毫不掩饰把你当傻逼,1
就他这情商智商身高条件  这辈子打飞机️的命,1
就你整天上完厕所不洗手就去吃东西是吧？跟个绿头苍蝇一样,1
又给你妈引流来了,1
这xxn真ex,1
你是个鸡巴非得接你电话？你没你mia话说了，mia上来就你b话最多，给你点回复真给你mia那p脸装上了，都说小头控制大头，我现在怀疑你mia大头是下面那个,1
龟♂必死 废物重开吧,1
天下之大，大不过你缺的那块心眼,1
把你女朋友vx推给我，我有把握全身而退,1
他主页都玩原神了，顺从呗，毕竟古尔领养栏那行只填米哈游的沙口是这样的,1
再贵也是破鞋,1
好似还nm默认苦力男生做，真是活活又该该天天忽悠来忽悠去的，真的忽悠的了自己吗还是骗的不够惨，等公司倒闭了就知道后果了,1
你猜对面是男的他会不会花三十万  不是渴批是什么？,1
你直接把他西瓜砸了啊，让他去报警，警哥也不会管的,1
多假啊，这么有钱商k夜夜做新郎也不会娶个化肥厂的啊，答主纯弱智,1
这种我去萝莉岛都不要,1
** 男的在为什么不能喊？还不是自己不敢 闹缠一个怪在男的的头上,1
男生能测你母，女生能嘛,1
fwfw老东西,1
可他妈赶紧剩一个吧，巴不得,1
什么于吉？还几把猜猜看,1
不是当过兵吗 直接给他来套军体拳干他,1
当时我没觉得啥，因为我这点自知之明还是有的现在想来这种行为是纯rz，估计当时老师领导心理都咯噔一下这货能这么整不过还好后面没继续开骂了，但这人也给不出什么建设性意见，全是片汤话，是个成年人都会讲,1
头一次见这种，又菜又爱怼，遇到我算你撞枪口了,1
《计划考公，大概能有20W》,1
哪来的臭表子,1
然后约出来还不是照样该摸摸,1
俩人年纪加起来也没我45的鞋码大,1
直接法庭告她啊你个弱智 打人都够她喝一壶的 还特么敲诈勒索,1
暖似阳，吃火龙果那一集是真的唐,1
恶臭孙8男哪能看懂这个依我之见，全是狗屎,1
为什么不直接分手，一直拖，我只能说好似,1
一群爱子病的鬼东西还歧视上正常人了,1
主人的任务罢了,1
xxn被薄纱了，好似,1
不太相信你能硬起来,1
女的不就这样？,1
吸毒不达犯罪，但大量持有、制作、运输、交易都犯罪，还都是重犯，制作运输交易都堵死了哪来的吸毒的，去不去罪又有什么意义，图里若智的去罪化绝不只是吸毒无罪，图二不过是在偷换概念。,1
这个女的真贱，一看就是跟击女一样的类型，感觉女的浪荡起来真的很恶心，脸都不要了，出生都不如,1
你是间碟吧，怕别人来查你,1
去她妈的,1
那我提醒你一件事哈，大义灭亲也不是没有过。小心着你的家人，先下手为强比较好,1
精虫上脑了？小头控制大头？,1
直接牛牛控制大脑了是吧,1
现在的㜅没有礼义廉耻，还拿老一套骗自己呢？有时候真觉得龟就是活该被爆金币，学法国男人不行么？,1
你都玩孙吧了，原谅她吧,1
你真的太离谱了，知道的晓得你把B当兄弟，不知道的还以为你是男同喜欢B呢,1
特别是弯弯们，那些媒体工作室搁那带，那润人跟他们比简直就是个小丑，一点攻击力没有,1
恶心二次元，坏人,1
嘴巴跟阴道都只会喷，只有让它喷出来才会霜,1
纯纯废物,1
找炮友就找炮友 非要说谈念爱,1
因为他就是串子狗,1
我是我爸的宝贝儿，你不是哟。还有钱干了是吧，你觉得恶心，那我晚上当你爹,1
你是50万，间谍，罕见,1
这人差评给的理由就是口味不好，到你这成恶意差评了是吧孙吧主打的就是三棺这我知道，但孙吧不是dinner吧，你这种dinner哪来的回哪去,1
没关系ying不起来你可以去卖屁眼子我点你,1
能不能把这个脑瘫封了，哪个吧都能看到这个弱智,1
我还能怎么评价，难道我还能冲到清华去给她一巴掌？,1
这个女的真剑，一看就是跟击女一样的类型，感觉女的浪荡起来真的很恶心，脸都不要了，出生都不如,1
这个洋畜生都说了，就是为了报复种樱花家的,1
怎么，你不会是怕自己以后舔xxn也被这样对待吧。,1
你的三观正就正在跟着唐牛的三观走是吧,1
经典小头控制大头,1
这个洋出生都说了，就是为了报复种樱花家的,1
《求求你了》，我在想那些舔她的男性看到她这一面是什么想法,1
重开得了 但别死在孙吧这里,1
你能给我当舔狗吗，没夸奖的那种,1
都是我的飞机杯,1
真的是逆天，这种人当断不断就是这样的下场，我只能说活该，好拟,1
这个东西一直都没办法，性病在疾病里面也算是很奇葩的一类了，我尊重因为遗传或者不知情原因感染这些病的人，但是这种乱搞的都不自爱了，我为啥还把他们当人看，该发病发病，该埋就埋，反正艾滋现在也没啥特效治疗手段,1
太经典了，颜狗是这样的,1
他当他是玉帝老儿想骂谁骂谁呢,1
不是，都几点了，冲昏了？,1
看见路上有条狗再吃史你就也得上去吃才不算双标？女的这么干春闹谭男的也一样为啥不能骂？龟男的话另算,1
公共洗衣机洗内裤袜子不恶心?咋的你就是那种内裤袜子都懒得洗的傻狗吗,1
愿你吃饭有人喂，走路有人推。,1
你走在街上我不会歧视你，你跳我脸上拉屎我可就不客气了,1
要是我我铁定乐坏了[表情]，这b铝的把它老公说的越厉害越好，这泼天的富贵砸下来了一定要把握住[表情],1
那咋办躺平式对抗？普通女性在女权作妖时默不作声，你这还不让反抗了？,1
让她开到最大，直接上去抠,1
你很会下厨吧，看你挺会添油加醋的,1
这男的是怎么想的，不知道拉一把么？怎么有这么**的人,1
能不能别吹犹太人了？还控制他国经济命脉？你是有多看不起德国的贵族资本家？,1
看你像个精神病，说话说不清楚,1
看见路上有条狗在吃屎你就也得上去吃才不算双标？女的这么干纯脑瘫男的也一样为啥不能骂？圭南的话另算,1
fvv滚出克,1
看得出来你是第一次做人，没什么经验，完美避开了所有人该有的样子,1
你自从得了神经病，整个人都精神多了!,1
你是不是又要发现了，b不是什么好东西,1
错误的，能忍这种人一两天，全是你自己活该，龟男，你俩就该狠狠说死,1
鼻子里好像有块大鼻屎哎,1
这种女的要一直龟着也挺好，别出来祸害我们正常男生捏,1
这两位极品，因为两人的体积与受力面积都比较庞大，便于好记，一个就叫泰坦，这个泰坦还不是特别极品，但是另外一位可就是重量级中的重量级，极品中的大极品，我们就给他取名，O神哥,1
一级牌子滚出去剑㜅给公狗配种配多了隔着发什么癫,1
逝龟男，看我扒了你的乌龟壳,1
这种纯纯不要脸的人，就不要想着给他脸。,1
小畜生为了道馆想象力还是挺丰富的。快马加编给8U们端上来。,1
**，骗15万打牌是吧！下地狱慢慢打，,1
他爹真是养了个白眼狼,1
中肯的，要不然就冷暴力，又不是你亲跌，跟人家走那么近干嘛,1
“我们女性天生就有爱人的能力”,1
脑子和b张反的东西，用b思考，一思考就高潮，满嘴b话,1
错误的，能忍这种人一两天，全是你自己活该，贵南，你俩就该狠狠说死,1
别逆天思维了 歧视就歧视呗。都不让考公了,1
你给我看乐了哥,1
孙吧还有脸了？,1
tm头一次见把自己电脑给别人的你是有绿帽癖吗,1
没分又没玩到p呗,1
老东西给我站起来,1
你猜楼主为什么不回你,1
支持，然後把樓主給活埋了,1
家暴这种东西，男的女的都忍不了，我很好奇，你没有火气吗？第一次把你打成那样，你不会还手吗？把她打服在分手，然后你挑了一个没有监控的地方，单方面的还手，只能说龟男不得豪斯,1
确实，催婚的亲戚最讨厌。但是她明显讨厌的不是亲戚催婚，而是单纯讨厌男性,1
别闹。妓女可不这样，人家都是直接说好的。这种女的妓女都不如的,1
吧里不是一大把30多的处男，透不到，还**么,1
这辅导员是骚刚性奴?,1
给别人吃就不恶心了,1
你发的是个牛魔，照片也不发，p大点事也来水，现在我命令你向魅魔发起冲锋，狠狠攻击她,1
要是在我们寝室早就被强奸了，惯着这臭毛病,1
不能跟xxn讲理，我建议是直接骂能骂多恶心就骂多恶心，这样她们就会急哭了,1
这女的确实不行,1
这种都不能靠进猪笼来解决了，这种就应该腰斩，然后再加连坐,1
孩子你无敌了,1
确实，每次看逆天评论底下都会有这种若制，好像只要朝这种**发言靠拢她就能获得社会认可，变成成功人士,1
v50看看实力,1
缺爱的人是这样的,1
这哥们问的问题笑死人了，是真的猥琐，都知道发生这种事了，还在细细追问，纯纯的放不下，又天真地想问到一个达不到内心底线的结果。 平常8u说骗骗自己就是玩个乐子，这哥们是真的很努力地在骗自己了,1
爱怎么发生关系我是管不着的，但是这吊毛有hiv,1
要是在我们寝室早就被强碱了，惯着这臭毛病,1
小红薯仙女是这样的自己不洁身自好搁这叫你妈呢,1
问问他新兵连谁带的他班长是谁，送回去原单位打一顿就老实了。,1
一级牌子滚出去贱畜给公狗配种配多了隔着发什么癫,1
估计长得丑那女的,1
死龟男，看我扒了你的乌龟壳,1
借个楼 前任渣找贴主接盘是吧让贴主受委屈母猪是这样的,1
确实，每次看逆天评论底下都会有这种弱智，好像只要朝这种**发言靠拢她就能获得社会认可，变成成功人士,1
这种都不能靠近朱笼来解决了，这种就应该腰斩，然后再加连坐,1
nnd，把她捆起来，拿铜头皮带抽她，,1
长得跟个猴一样，上蹿下跳的,1
太典了，这头像,1
借个楼 前任渣找贴主接盘是吧让贴主受委屈沐褚是这样的,1
可能是脑子长欢乐豆上了，一受刺激就发癫,1
byd自己抽芙蓉王 给哥们抽利群是吧,1
女hr头头，精致利己主义，不相信有如此格局，还发网上自爆。裁员，女人对付女人是常用招,1
为了哄抬价格罢了，就像你卖一个东西，肯定会夸大成本和人工，实际上真的说不结婚，女人比龟还急的多,1
模仿急速小丑是吧,1
他的父母:马的养出个死龟,1
华为的舔狗真的多，几乎每一条关于手机的视频都会有一堆为🪝在叫,1
你做的最错的事就是没早点分手,1
不，她们的破防点主要在感情0到1次，无亲密接触,1
你的阅读理解从来都是0分吧。,1
心疼她干啥？她已经是纵容违规行为了，就因为对方是女性所以就可以给她超过法定额度的赔偿金？反正不是她的钱她花的心安理得是吧？,1
不知道，反正这个文案我感觉挺贱的,1
他主页都玩原神了，顺从呗，毕竟古尔领养栏那行只填米哈游的傻狗是这样的,1
我嘞个逆天啊，脸p成了个哑铃，但是波刚般的外貌还是无法改变，嘴上说着自己是个垃圾，实际上真是一坨，恶魔般的***，敲鼓！,1
编故事也不知道编像点,1
建议转给我，然后喝些西北风,1
这么恶心还不分，不能舍不得沉没成本，今天能骗你，以后也会骗你,1
所以两千你睡嘛,1
私人企业的一条狗罢了,1
这是想去日本喝核废水了,1
别人好心提醒父母主义身体健康就骂别人是猪，也太魔怔了吧。反xxn反对的脑子都不要了?,1
版本t0，法抗拉满了,1
它恨它父亲，它不是应该骂它爸，谴责它爸这种暴力行为，反而是有样学样用暴力去打男朋友？真的是逆天,1
死妈恶心鬼，难怪死这么远的穷乡僻壤,1
丝麻恶心鬼，难怪死这么远的穷乡僻壤,1
打击别人的价值来提高自己,1
跟他们划清界限，又不是过去老古董，不能为了找伴侣而瞎鸡巴找,1
你不怕他锁你喉，两拳干趴你,1
怎么评价？你问我怎么评价，我除了用手抠屏幕去评价，难不成用集壩去敲屏幕给你来一首爱的华尔兹嘛,1
等你把我拉黑取消了再来叫唤吧，你叠大号没拉黑你,1
你不攻击他我可要攻击你了,1
偷东西就偷东西，还整这出,1
不愿意相信真相了是吧,1
就是不给他面子，谁闲的没事给他面子啊,1
怎么到处都是提这B网红的？买水军了？,1
原来是真烟鬼啊,1
家暴这种东西，男的女的都忍不了，我很好奇，你没有火气吗？第一次把你打成那样，你不会还手吗？把她打服在分手，然后你挑了一个没有监控的地方，单方面的还手，只能说桂南不得豪斯,1
xxn有点教条主义了 我是不会管我爹妈生活习惯的 一把年纪了 想干啥干啥呗 猪油炒菜确实香 煮面也是,1
这视频也算是造谣了，还正常行驶，真以为路口是自家的？？,1
我也认为这些女生很弱智，这只是我对于现在网络环境都无脑喷女性而作出的评论,1
人家浮木都把她当猪养了，你们怎么还觉得猪的脑子聪明呢,1
当时我没觉得啥，因为我这点自知之明还是有的现在想来这种行为是纯弱智，估计当时老师领导心理都咯噔一下这货能这么整不过还好后面没继续开骂了，但这人也给不出什么建设性意见，全是片汤话，是个成年人都会讲,1
以后估计只能穿内衣考试,1
这下感情不洁癖了？,1
看了，评价一下，FW一个,1
这也能骂？确实有着智力上的缺陷,1
破案了，楼主是b站的托,1
鉴定完毕：纯翘嘴。自作多情,1
讨厌说什么呢我一个高中小女生听的都湿了真下头,1
微胖你母，143坦克,1
点进去看性别,1
看你干嘛？喝多了催吐？,1
我就喜欢这样的，我打到她三天下不来床,1
还惯着他干嘛？这种人就应该拖出去打死,1
什么乱七八糟的就整些脑瘫玩意脑子里就这点东西,1
上周是主人的任务或者寻找一周饭票,1
这就好比当年在餐厅偷拍穿背心的客人还发网上嘲讽没素质，回头一看是孙半城,1
什么nc剧情,1
你看一下他跟别人聊天就知道了，这女的骗钱的，那男的也是个老色批，所以两个都是晚餐。,1
你绕开就绕开，谁拦着你了？但你不但不绕开还过来嘲讽歧视，自己不觉得自己恶心吗？,1
丑是胖多少带点逆天，再说浓妆和滤镜带给你的自信这么大？,1
还好我对象不是xxn,1
园神，启动！,1
哥们儿有没有可能有一个东西叫funding和scholarship，她要真那么厉害甚至可以国奖或者银行贷款留学都有，没必要可你一个对象要钱，你也不至于给自己压力，你要非把她的担子一个劲儿往自己身上揽，那我只能说天生当龟男的材料,1
这个真逆天到家了，男的一边给它弹吉他一边还要被它敲，地下还有一帮闹滩xxn拍手叫好,1
烂或，别搁这理发店,1
乌龟好似，希望他被高利贷追债上门打死,1
她说162是身高了吗？,1
弱智文案还不让人说了？,1
男生能测你亩，女生能嘛,1
网红纯泡沫，雷军虽然现在营销恶心，但人家好歹是凭技术起来的。,1
还不分是准备给孙吧鼠鼠丢脸吗?,1
读美本的含金量又有多高呢，不会花钱上了个学院然后幽默感拉满了吧,1
头像跟个龟头似的，还想让光阴记得你，帅瞎我了，坏人,1
狗咬人啦，救命,1
还是畜生有经验啊,1
这叫哪门子好人?这男的对父母有这么好吗?不过是想舔没添到罢了,1
这领导真的恶心,1
分，有后续踢我一脚，只对你封建可太行了,1
大逆不道，拉出去斩了,1
被打了，为什么不能还手，被打成猪头了，还不还手，现在的可怜下场就是自己做出来的，像这种恶魔，不打不行,1
一上来？我一堆字在那边，他不回就算了，回就回我了个袁老忌日？那不就是纯纯发泄来的，连正常交流都做不到？我发泄一句怎么了？,1
现实我也是说该,1
女方的处事方式是一点不追究的，男方的处事方式是必须羞辱到底的。说实话羞辱男方的才是正儿八经的龟,1
v jy看看实力,1
你妈生你的的时候调的是随机模式吧。,1
素质有待降低,1
私信骂你的是什么恼弹，骂的难听让大家听一听不好吗,1
错了，女双性恋最多了，最放荡的一群人,1
dy逆天xxn x5在他们眼里都不算车了,1
用**抽她脸,1
一巴掌扇到我孔庙里祭天,1
以前神，现在屎,1
但他甚至可能比其他地方加起来多，但男同再多占比也没多少，而有1／2的女性是xxn,1
看见路上有条狗在吃史你就也得上去吃才不算双标？女的这么干纯脑瘫男的也一样为啥不能骂？圭南的话另算,1
带回家摸奶奶，假期拿她父母的套透的,1
建议透几次离了,1
有病，不吃狗肉你有种别吃肉啊只吃素自己吃喜欢的肉就可以别人吃喜欢的肉就不行？双标真是够可以的,1
老东西，快更！,1
典型具体情况不具体分析，跟xxn一个脑回路,1
别尬黑我也想吃,1
打胶给她吃,1
是的，不断妥协的懦夫，你到底踏马在纠结什么东西,1
这是之前约她出来吃饭，然后鼠鼠就约她到小公园表白，结果就成小丑小丑了，后面还说一顿安慰的话，说鼠鼠很好之类的，但是现在感觉以朋友相处更舒服,1
来给我当两天性奴病就好了,1
靠恁酿，恁是真的骚啊小宝贝,1
楼里这几个人我全部草飞,1
版本t0好恐怖，社会无限偏袒,1
这评论也确实智障,1
因为他就是串子苟,1
我知道，我只是想说他丑就得了，非得搞这出,1
楼主不会是m吧,1
离啊，还怕找不到下一个？,1
等你把我拉黑取消了再来叫唤吧，你爹大号没拉黑你,1
我们xxn是不能说的,1
中肯的，要不然就冷暴力，又不是你亲爹，跟人家走那么近干嘛,1
byd避孕套当气球是吧,1
说清北不行？，真是群若智，读过吗，读的上吗,1
拉的屎巨臭无比拉完还不关门，造福全宿舍我真是太爱你了,1
我 操 私 他 的 嗎,1
就是耐克的monarch4，烂大街的那种,1
给我看看！快！,1
这种鶸痣文案不就是发出来让人骂的?,1
以前是养宠物，现在是奴隶制,1
长得很像那个西瓜条,1
楼上果然没说错，有种残疾人骂你一句你真健康的感觉,1
有些是真的蠢,1
xxn晚期包复发的 给贵南省钱呢多贴心哈哈哈,1
zgjc是这样的 和稀泥,1
认识这种网红的也是什么成分，五十步笑百步,1
是鸡毛好人，为什么现在风气这么抽象，男的还拿老一套给自己戴紧箍咒，除了感动自己有什么意义吗？,1
她可以穿 我不能看 她穿是为了取悦自己 我应该先自费双眼 what can I say,1
嘿嘿 你头像不会是你自己吧你是跟脑子缺根筋一样吗 喜欢谈视频 怕我看不见你真面目是不是怕我没被你恶心到是不是,1
怎么可能亏，很难遇到处女的啦，赶紧交出去才对,1
p的跟婚前do又不结婚的有什么区别,1
你借走了人家怎么办 脑瘫,1
这帮小仙女真蠢，项目负责人敢发火，就把负责人开除不就好了吗,1
谈恋爱do还不如去p 至少p不用一年到晚送礼物 哄人,1
当驴当的心甘情愿，骄傲满满，还要骂自己身边推磨推慢了的驴两句矫情,1
把欧洲人按在地上摩擦,1
这辆女士站在这里,1
被奴役了，你怎么这么fw,1
我快死了，这单向情感投入的意义在哪，一点情绪价值的提供都没有，看的我血压高。,1
我也不太明白，男人和女人是可以分别繁殖吗？怎么体型变小只对女性生效，男的不是女的生的？,1
富哥没见识没心机可是我还是要说一句弱智,1
人主人是不在，不是没主人，像你这种脑瘫，一眼鉴定为米线山的孙子,1
老仙女带小仙女上路实习,1
这类问题儿童其实我们也理解，它会故意在网络上发一下逆天言论，再把手机调震动塞进去紫色心情️,1
坏人不要装可怜,1
一个搞实业一个割韭菜,1
真相了，看这聊天记录，妥妥的绿奴,1
撑死就是个在校学生，自己又挣不了几个钱，靠爹妈吃饱了就觉得可以随便浪费了，打两天螺丝就老实了,1
没有爸爸是吧,1
你真是***,1
男生能操你亩，女生能嘛,1
乌龟好死，希望他被高利贷追债上门打死,1
脑子和13张反的东西，用13思考，一思考就高潮，满嘴13话,1
挂我是吧？晚上睡觉记得张嘴,1
她最后的决定是什么呢，没有她嘴里所谓的尊重删除抖音，而是在视频下面又当又立,1
v 京爷看看实力,1
我还得潜入19吧当皮套人恶心网络公主呢,1
身上带把刀，等他先动手然后再捅他,1
口臭是真的难崩，我高中同桌也是口臭，她说话我都要憋气，恶心的一批,1
大伙应该都知道他说的是xxn而不是劳动妇女。,1
祝愿你下辈子也摊上这么个外公,1
狗咬人啦，九敏,1
天天多益多益 你就知道一个多益什么都是多益是吧你的多益是外企是吧,1
黄小鬼扣分xxn怎么能被扣,1
估计是北京的剩女，年龄又大，又是破鞋，又没学历，才会气急败坏破防吧,1
那这个就是我的 性奴了,1
这个小仙女还在微博发帖说要举报哪些造她黄谣的人,1
那张脸，就像十九世纪没卖出去，二十世纪又砸在手里的赔钱货。,1
这不是一次性筷子的包装？什么dinner,1
男生能操你母，女生能嘛,1
废物，怕别发，发别怕,1
沉没成本太高呗。楼主都跟他女朋友谈那么久了。处男找个npy又不容易。好不容易处了一个，那肯定舍不得分,1
奶奶的 你小子油盐不进是吧,1
一样  我宿舍有个cs舔狗,1
jc是这样的，和稀泥,1
跟以前那些想回到民国当大小姐的幻想一样，回去也是丫鬟命,1
阴暗的宅男看不得别人一点好,1
尿黄的靠后，尿毒症的先上,1
不要妄加评论我，你看到的，只是我选择让你看到的。,1
真有男人能这么干，她们也只会觉得男的作怪，恶心。无论怎么样都是他们说了算，纯纯是比水流进大脑，噴啥说啥,1
这个太逆天了怎么评价,1
你要不要看下你发的什么？,1
艾呀梅是的,1
人不对，但是这闺蜜绿茶的厉害，这种事不帮瞒着就算了还主动兜出来,1
靠恁娘，恁是真的骚啊小宝贝,1
看我狠狠拷打她,1
你去当演员吧，我看你挺会演的,1
十年养个白眼狼，生物蝶，需自强。糊口一行，红薯话凄凉。紫色心情调三档，水倒流，入大脑。昏迷入梦忽还乡，养猪场，正吃香。网上发电，回话算破防。肚子褶皱千万层，像波刚，算微胖。,1
这女的没家教是这样的,1
集美底座很稳,1
头像挂尸，我看都骂,1
建议锁死，不替他人考虑的畜生就不要放出不来了，楼主你加油,1
评价傻逼干嘛,1
你是因为不要脸才体重轻的吗？！,1
哎你这属实有点畜生了,1
原神哥是真真正正的超级原批，以后会说到捏是个真正的乐子，是个让孙吧瞩目的大活,1
人类进化的时候你躲起来了吧,1
他是没父母还是家庭关系不好啊,1
逆天这如果不是xxnyy出来的确实离谱，有点犯恶心,1
它哪有这个胆子，铁废物,1
你如果不傻的话，一定很聪明吧,1
o神哥是真真正正的超级o批，以后会说到捏是个真正的乐子，是个让孙吧瞩目的大活,1
别龟了，我的朋友,1
不能做违法的事情，所以我选择把她脸打焦,1
操个皮怎么那么墨迹,1
知道为什么心口不一吗这鸟人没智商没情商没颜值的东西谁看得上你啊,1
看爽了，魔怔女气急败坏唱独角戏的样子,1
是金子总会发光，你这玻璃渣子总在反光,1
什么都偷，这广告出来才04 05年，05后在娘胎里看的？05前还记得？,1
如果世界上只有这一个女人，我们只要把她击毙了就没有xxn啦,1
老东西删了呗我有个朋友看见这个挺不舒服的，反正不是我啊我只是有个朋友,1
屎中屎  不知道这游戏是在玩什么 每天看着电子骚鸡意淫就是原的最大乐趣了,1
你真的太离谱了，知道的晓得你把B当兄弟，不知道的还以为你是难铜喜欢B呢,1
更新这么慢，怎么混孙吧。滚回去打胶吧,1
骂得好，你顺便连那个男的也一起骂,1
前期的作品可以，后面感觉像吸了毒一样。,1
妈的，xxn不管在哪里都这个泌阳,1
龟男以为xxn得了艾滋病就能看上他了,1
玩孙吧还有脸,1
这伞又没主人，人家借用一下怎么了，血压这就上来了？你高血压是吧,1
又给你马引流来了,1
肯定撤退啊，你这在上赶着就变成舔狗了，忍住不找她说不定过半个月她就对你又热情了,1
这两位极品，因为两人的体积与受力面积都比较庞大，便于好记，一个就叫泰坦，这个泰坦还不是特别极品，但是另外一位可就是重量级中的重量级，极品中的大极品，我们就给他取名，原神哥,1
要门槛的能有什么好人？要是开公交车就是你的错了，赶快撤吧！,1
没能力的波刚罢了,1
骚刚有个怪病，鼠鼠宿舍是上床下桌的模式，他每次都要把手表上的铃定成凌晨五点的，然后放在床下面，关键自己睡的还很死，每天都起不来，但是能把我们都吵起来，我们起来以后把它拍起来，他下床把铃一关上床接着睡，真不明白这条闹铃犬想干什么,1
殖乎啊，那没事了。一边嘴上各个为民请命忧国忧民的，实际上看到穷人生个孩子都要骂凶手。,1
你不是喜欢她灵魂，你就是想找个漂亮得飞机，还不怎么花钱能顺你心如你意的,1
他嘲讽你没有某样东西，但你有的话你不会放在心上；但恰巧他没有而且他很重视那样东西，被嘲讽了当然狗急跳墙,1
这b好恶心，能不能给他刀了,1
她是个女巫，烧死她！,1
社会就需要这种人，不然谁靠b做生意，哪还有泄欲工具,1
现实我会同情，但在孙吧我只会说活该,1
我是真的觉得逆天,1
真以为男的也爱写小作文啊,1
家暴这种东西，男的女的都忍不了，我很好奇，你没有火气吗？第一次把你打成那样，你不会还手吗？把她打服在分手，然后你挑了一个没有监控的地方，单方面的还手，只能说桂南不得好死,1
你们老师联合国吗？啥都管?管不管你裤衩啥颜色啊,1
希望你给富哥舔的时候也是这个态度，而不是一边“下头男舔果酱”，一边心想“这不一样”,1
我敢下矿井上战场你敢吗,1
别闹。鸡女可不这样，人家都是直接说好的。这种女的鸡女都不如的,1
发问和回答的人是xxn嘛,1
这规划暑纯出生,1
就歧视就歧视，吸毒的和贩毒的有一个算一个,1
真有男人能这么干，她们也只会觉得男的作怪，恶心。无论怎么样都是他们说了算，纯纯是比睡流进大脑，噴啥说啥,1
这种级别都能开保时捷了？,1
荤价这么素，纯纯大怨种,1
那这个就是我的 性怒了,1
找不到白纸现在女的无一是处,1
七千有点假但你说老外在国内只要想约，随随便便一年上百个不是问题,1
你不会就是这个击女吧,1
ATM不能死啊,1
中国警察是这样的 和稀泥,1
骚刚不愿意别人拿到高分，鼠鼠上学期报的乒乓球，和骚刚分到了同一个老师，鼠鼠没怎么打过乒乓球，所以苦练一个学期，最后对接球和指定区域接发球都炉火纯青,1
来自老爹的庇护，波刚退散,1
网上说话能带脑子？,1
你别这样复制粘贴了，好没意思，每次看到你都浑身难受,1
你爸当年就应该把你射在墙上,1
给糙吗，给糙就不胖,1
从小没碟的畜生说话是这样的,1
认识也就半拉月就天天嘿咻，感觉炮友的成分多一些,1
刷到过这个帖子，感觉活在幻想中的一群xxn泄愤嫉妒，无知无畏，对于高攀不起的事情极尽贬低，看吐了,1
敬业程度吊打三上，而且很多中畜生系列，虽然不是真的,1
但是显然这辆女士对“辆”这个关键词十分敏感，直接暴起,1
你就是想蹬别人又嫌弃被别人蹬过，问你自己真的觉得心里喜欢人家么,1
牢大现在是你表现的时候了，狠狠的把xxn侮辱，强＊,1
你不是别人就不是了？**又来给自己的烂批找理由了,1
档里长肿瘤了是吧,1
公司招了这HR倒了血霉,1
必然的，她们依靠的本就是不讲理的胡搅蛮缠，只要先她们一步，极致口臭，她们就基本是经典破防之类的话语然后拉黑等等,1
菜市场坎头 审判都不需要,1
偷外卖是真该死啊,1
哪来的臭䱪子,1
op赶紧滚啊,1
真够窝囊的，牢二白长了,1
很喜欢她的奶，很Q弹,1
借楼，贴上物化女性标签看她还发不发颠要用魔法打败魔法,1
不知道你一直在装什么高冷楼主纯rz,1
绝对要分，不分就是将就了，为什么要将就这种活该好人被枪指的是吧，恶心就分，从不将就。,1
难过？我估计他还会觉得你不识好歹,1
能被恶心一辈子说明一辈子都没长大 这种事放到40岁以上的成年人都没介意的,1
xxn晚期包复发的 给龟男省钱呢多贴心哈哈哈,1
这种我一般不看直接拉菜市场砍头,1
正常，找鸡做女票哪能是正常人啊,1
抖m熟悉附体了是吧,1
米线山吐的痰你能兑水喝一年,1
废纸不如大专,1
死宅是这样的,1
梅开二度是吧,1
胚胎培养皿和泄欲的工具罢了,1
什么顶级沸羊羊,1
直接拉到公园门口砍了,1
这你不打他一顿你也是个怂b,1
打开车窗一道缝告诉它：你的鼻屎在瞪我,1
别人好心提醒父母主义身体健康就骂别人是朱，也太魔怔了吧。反xxn反对的脑子都不要了?,1
你真是个慈善家 把她扔高速上后面就没这么多事,1
给你当饭盒了是吧,1
原神怎么你了,1
不给武斗不能文斗吗，表白墙上挂他！这应该不涉及诽谤造谣或者损害名誉权吧。,1
跟它讲道理多干嘛，直接一句下头女偷窥帅哥真恶心,1
自我感动的鬼男,1
最小丑的一集，楼主别狡辩了这你身份证,1
本来就不是老外的错，苍蝇不叮无缝的蛋,1
给钱就睡，老哥不怕吗,1
别想不开，真想重开前来给我糙一下批,1
v给你，我喝西北风去？,1
是很冲，我离老头最近，主任应该担心我，对老头说好好讲话。老头说你少管屁事，真觉得自己多流批哈。,1
在这方面性别有啥矛盾，都是得努力干活挣钱养家吧（拿β挣钱的xxn和吃软饭的除外）应该不至于有男的真的因为嫉妒丁真的颜值才黑他吧。。,1
整坨的屎和拉散的屎有区别吗,1
你跟个弱智一样，到处发这个东西,1
毕竟我们xnn纹身是为了标志我们是自由女性捏,1
今天你家主子忘溜你了，这么急？,1
除了楼主是秒南以外没有任何解释了,1
感觉对你来说玩原神都算提高智商了,1
讲真的，你这by是真的坏啊居然干过这么多坏事,1
让他蹭好死不死要从厕所搬市过去自己吃还不满意  满脑子大便,1
上来就隐私照，这逼养的玩闪电战是吧,1
不是，这男的咋会有她裸照？这不纯扯淡吗，为了找借口啥都能想出来,1
九个压路机坏了一个 八个压路,1
他妈说他被骗了不听，结果他妈不让他发给教导主任，他发到了网上，什么弱智，活该被骗，反倒是让他妈买单,1
纯畜生白眼狼，她死了就没事了,1
md，xxn不管在哪里都这个逼养,1
小丑预定,1
你老婆是不是没叠,1
好嘛，原来是个生化母体,1
不吃他妈难道吃你妈,1
你就是想被骚扰,1
看见路上有条狗再吃史你就也得上去吃才不算双标？女的这么干纯脑瘫男的也一样为啥不能骂？圭南的话另算,1
好死还nm默认苦力男生做，真是活活又该该天天忽悠来忽悠去的，真的忽悠的了自己吗还是骗的不够惨，等公司倒闭了就知道后果了,1
这辅导员是骚刚星怒?,1
男朋友的前提下和闺蜜前男友开房，蓝裤裆罢了.,1
他应该就此暴毙，但是并没有,1
Xxn只能看小说想象了,1
这种太骚了，人家不要,1
孙吧也只能看这些了，一群单身汪，渴女又厌女，只能口嗨了,1
你真的很好看，个子也很高，傻笑起来很阳光，逼我写下这首藏头诗。,1
女的一张腿就是经济来源，当然不懂寒窗苦读比不过纯真一笑的感觉。,1
逆天东西，看得我血压高。真的有这么蠢的东西吗？xxs都干不出来这种事，这完全是脑子没发育,1
低能，自己谈过四个，别人之前有对象又怎么样,1
你的智商和喜玛拉雅的氧气一样，稀薄！,1
傻，他有什么社会贡献！？,1
不是小丑给我死一死,1
你是想让我攻击你吗,1
祝你长命百岁，百病缠身。,1
富哥没见识没心机可是我还是要说一句若只,1
外网rz看久了容易高血压,1
打回去，这种是打的少了,1
是很冲，我离老头最近，主任应该担心我，对老头说好好讲话。老头说你少管屁事，真觉得自己多牛批哈。,1
可能它一个无牵无挂的孤身寡人体会不到人间的人情世故是这样的吧，它从小一个人长大导致的,1
垃圾怀仁罢了,1
蚊子叮你的脸，都会想自杀。,1
上完赶紧跑,1
楼主放弃那当人的幻想吧  老老实实的当狗就完了,1
怎么哪里都有你这个没木的串子,1
你要和楼主在一个班我相信你是会被她牵着鼻子走的舔狗小丑小丑,1
不说话的时候像头猪，说话的时候像头猪说话了,1
谁破防连发三条长篇大论我不说，毕竟我不像你母的处女膜，三岁就给人捅破了,1
別恶心人了屌毛,1
我原来以为他的逆天只是教育问题，但是现在来看应该还涉及到了生物学,1
给清华爷跪了,1
什么乱七八糟的就整些恼谈玩意脑子里就这点东西,1
有没有可能内俩钕的是真爱男的只是多余的,1
有这么多人在意是不是处是因为一层膜吗？你能说出这些话那你私生活太精彩了，是不是是个女的给你上就小头控制大头？人家楼主洁身自好想找个处有什么问题,1
这女的也是白眼狼，搁古代就是救命之恩，以身相许吧。道德败坏，自私自利,1
有种部分网民嘲笑选择空气中氮气含量最高答案的人的美,1
集美还不如去责怪自己体内分泌的雌性激素为什么要抑制肌肉和身高,1
菜市场砍头 审判都不需要,1
这公司有这帮xxn要垮,1
黄小鬼扣分xxn怎么能被寇,1
家里人见过了都还这么穷不争气的东西,1
没读过书，不能上桌吃饭的东西给她脸了,1
你是傻子吧，第一次被人恶心到，还能有第二次不情愿的陪同出门。你难道不会离垃圾远一点吗？,1
跟TM狂魔哥似的,1
孙吧丢你脸了,1
媳妇儿俺给恁跪下嘞，邱邱恁把v给俺吧，俺瞅第一眼就相中了恁，恁是俺人生中的灯塔，照射俺前行的道路，一天瞅不见恁俺就觉莫窒息，整天昏天黑地的生活着，恁就是俺滴明天，没有恁俺的世界是不会开花的,1
这种弱智文案不就是发出来让人骂的?,1
上桌吃饭吃的,1
恶心，受不了,1
子未学礼乎？,1
不是哥们，你怎么这么软啊，支棱起来啊,1
乌龟好死，希望他被高利贷追债上门达斯,1
op怎么你了,1
膏潮了是这样的,1
我刚跑路，吗的，逆天是真的多,1
8u是你叠啊，一巴掌扇过去看看你还发不发电,1
你猜为什么母狗理解不了，因为母狗就是靠劈吃饭的,1
这些募勾拍自己就化妆滤镜美颜拉满，拍别人就很随便，真他妈,1
她父亲当年带个套多好,1
你猜为什么母狗理解不了，因为母狗就是靠批吃饭的,1
识了蛮多人，有成绩很好拿着国家奖学金来读硕的，有读到硕士连移液枪都不会用的废物,1
就像听懂的给掌声那逼一样,1
阐述事实变成责怪了太唐了8⃣友们,1
这不是帮男的避雷是对的嘛？估计心里早就看不惯了,1
结果虎式坦克直接开火，要求鼠鼠给它道歉，此时鼠鼠心想，这就是有男朋友撑腰的底气吗，又没喷你碗里,1
狗杂种,1
还是皮不够硬，几道大一的高数题就被爆杀了，骂回去啊，怕啥,1
还想着这波必不可能小丑，脑子里面模拟好几种思路结果开局就整不会了,1
典型的好为人师 换男的直接骂了 一点边界感都没,1
成年了吗？成年了私聊我,1
人家怎么你了,1
别的我不知道，我只知道我一个爱跟女生玩的哥们，去重庆大一之后再没跟那边女生玩，他说那里xxn太多了受不了,1
什么时候我出现返祖现象就和你处,1
说码头、左手这些都是队内大跌，带尿罐子拿冠军的人，还能被混子反咬一口，真的恶心,1
泥麻麻的，已经是个合格的二刺猿了。天天看个什么b动漫，听着初音未来的小曲。恋爱番看多了，脑子里也犯了抽，想谈一场恋爱。因为比较宅，然后在一个关于miku歌曲下面的评论和一个人争执了起来。最后我自觉理亏，让步了。对方哈哈大笑要我的QQ，想给我科普更多,1
线上叫孙哥，线下不得磕一个,1
拿你当人的时候，你装的像点好吗,1
评价**干嘛,1
活的和狗一样还不如去战场上送个头,1
新的逆天,1
评价不了，脑瘫,1
你这混蛋，你是不是拿我寻开心哪,1
什么鬼，这留学怕不是读的英港新澳的水硕吧,1
不怕得病就上,1
编20w，这智商不像985本硕的,1
干嘛还要等他玩完，直接拿过来用呗,1
犹太人只能说活该,1
那你提你nn的♀大学生呢？还辅助，不就是想迅速找两个异性高手给她解决问题？人家题主自己都没觉得有问题，你们这帮rz开始脑补了,1
说不定和你结婚也是主人的任务呢,1
狗屁。小混混，渣滓，垃圾,1
恭喜恭喜 你女朋友要找到新的炮友了,1
你是纯的贱种,1
tmd啥都不吃，饿似算了,1
1500的亲属卡太厉害了，这样就能弄走一个女孩子的心，玛德，回去要老东西爆点金币，做个增高手术,1
笔是臭的，脑是萎的，木是没的，,1
是个爷们？感动自己的臭龟！,1
以后你儿孙满堂，全靠兄弟帮忙。,1
2 B 不只是铅笔，还有你,1
这么怂，男的是没有蛋吗,1
后面的对话你和龟一样，无条件认错是吧？,1
想透就直说,1
滚出克 立马滚出克,1
这不纯纯脑瘫嘛哈哈哈哈 石乐志,1
楼主可以直接快进到小丑吗,1
可能你老婆没父亲,1
母狗pua你呢,1
早就脱了她们的衣服，轮奸她们,1
烂或，别搁这里发癫,1
这找的是儿媳妇还是丫鬟？,1
有病？反对虐猫的就是xxn？猫把你妈强奸了，这么恨猫？,1
老仙女小仙女双修啊,1
别和我谈人生，你都不是人生的,1
史中史  不知道这游戏是在玩什么 每天看着电子烧鸡意淫就是原的最大乐趣了,1
龟龟 50W彩礼？ 什么究极吸血魔,1
确实，感觉跟xn不相上下的逆天,1
你打你外公时也很丑恶,1
我的评价是，这还不跑？你是废物？我对象昨天刚跟我检讨最近和我说话说的少，并且之前还是她先给我爆了两次金币不过鼠鼠也不是小气鬼，后来爆回去了，比她两次爆的加起来还多。你真窝囊,1
虽然我歧视这种纹身的人，但是这明显是吃饭的视频，关注点不应该在他上面，要骂也应该是在其他擦边或者以此为炫耀的视频里骂。我只能说第一个发这句话的多半是哗众取宠的小丑，剩下的都是跟风的傻卵。,1
毕竟这也不是一个人贱人爱的社会，你还是收敛一点的好。,1
可当我点开头像的那一刻我才发现，byd自己看图吧,1
对啊，说就是你喜欢的妹妹，没有一个看得上你没人愿意给你透，所以导致了心理扭曲。一般没有妹妹看得上，没办法透就会导致两种流派，一种就是这帖子说的处女情结魔怔人，另一种就是瓢虫。,1
给她一巴掌看她发电不发电,1
确实，年度最恶心人有戏角色之一,1
看见路上有条狗在吃屎你就也得上去吃才不算双标？女的这么干春闹谭男的也一样为啥不能骂？圭南的话另算,1
烂货，别搁这理发店,1
来来来，您跟我讲一下”辈分”两个字怎么写你要这么说那你老婆也是你爸老婆呀？跟你睡和跟你爸说不都一样吗？,1
都是衣服而已，保暖就行了，这个还拿来攀比，我只能说太幼稚。,1
上个ww凰网还有一堆O毒，难崩,1
我对你的深情无法付诸语言，除了一句“滚”,1
好人活该拿枪指着,1
还安慰呢，我要是他老爹给他两巴掌直接让他滚出家门了,1
老硕鼠爆金币,1
这种建议所有人联合起来给他一顿好打，再把他所有东西卷铺盖里一股脑扔寝室门外面贱人就是要打，不打不行,1
13，手脚不干净的客人这种真受不了，来点餐然后用手直接碰食材的还一边问我们：“你们这新不新鲜啊”一般都是老登，好想给他们两拳还有用手直接碰油条问：“你们这脆不脆啊”一般摸了又不买，真他妈欠揍,1
是的，不断妥协的懦夫，你到底他妈在纠结什么东西,1
楼主，这不分手，她逼哩有大麻？,1
顺从它呗，毕竟它只有生物爹呢,1
长得那个逼样，还幻想有尹志平,1
要发就正常发，要么不发，你这不纯恶心人吗,1
鉴定为gui男一个，我要是有这种对象早骂完分了,1
有时间发nt视频，没时间来红魔馆复诊是吧 每日高强度上网冲浪搬屎，喜欢的点点关注😇此外，左上角和右下角的图片是用来遮水印的，贴吧不遮水印视频过不了审,1
关我屁事,1
傻卵好死好死,1
这种玩意放到dy ks也一样逆天才多大就满嘴网络低俗烂梗，评论区下面那些说加油的更是重量级,1
怎么不把你气似呢，是不是欠收拾了,1
自我感动罢了，笑死了,1
这你妈都跨次元了,1
不管你圈子多大，好好跟我说话。,1
鸡有什么区别，无非是时间长短花钱多少罢了。,1
你如果不丑的话 看起来挺漂亮的。,1
不懂你这种玩猿神的爷中跑孙吧来找什么画面看别人骂你叠你还生气,1
日本的看着恶心,1
老师学校其实也不想，但是当大家都开始卷的风气起来，学校就没办法了。根本停不下来。只能加入。卷起来学生苦3年，大家都卷，我学校自己就不卷，这等于直接害了学生一辈子了。谁也没办法。 我只能说衡水赶紧死一死,1
都2023年了还有纹身的不接受被骂,1
早八算个屁，我连续上过三天通宵班,1
你妈的头都快p掉了,1
宝捏嘛呢宝，现在看见这字就犯ex,1
让狼、野猪昆，也不让**昆是吧,1
老东西，想日笔就去嫖啊，还相亲。狗都不相。为了日个笔，你看把你娃苦得，找罪受。你这样的鼠鼠才不同情捏，相亲没有感情的，就是纯粹的日笔加生育机器,1
话都说不利索是吧,1
令堂给你这张脸就是为了防止你早恋,1
哥们你们这种想法都多大岁数啊 都遇到精神病一样的了 还想着能爆金币,1
丑表子恶心,1
，但没事儿就挂孙吧的楼主没鸡鸡捏,1
美颜拉满了真敢说啊。恶魔波刚,1
不要用你的无知来评价我存在的价 值。,1
还是出生有经验啊,1
袁世凯慈禧这种鬼屋干了这么多出生事本来就是应该骂烂的，拿它们跳科目三我都觉得丑化科目三了，你美化这种东西才是真的有问题,1
一眼假，铁路制服不长这b样,1
不如去玩原，这样别人只觉得是元神导致的，而不是你本身就这样,1
想和前女友复合，没想到刚开始就被薄纱了,1
超超超，管他那么多，超就完事了，爽了再说，谁都别想跑，看见谁就超,1
别给我拽洋文,1
女司机，xxn，丰田车主，buff拉满啊。这算是贵人吗？,1
不值你买鸡毛呢？多少沾点,1
哎哟，老哥们救命啊,1
不射墙上射哪里,1
对哦，把这群弱智给忘了,1
怕你在里面投毒捏,1
真该死啊还有速更爷爱看,1
网上当当龟男逗大家开心就得了，线下你要说有艾滋病谁敢靠近啊,1
百度搜不到你，搜狗一定可以,1
这种逼货究竟是怎样的家教啊,1
这都能继续谈，你也不一般,1
跪族篮孩,1
你在狗叫什么?,1
老东西,1
抖音第一小丑,1
单从这句和上面那句来说，说话是真直，毫不掩饰把你当沙杯,1
跟风玩抽象烂梗,1
女方要10万的彩礼，离婚后我弟弟买的房子加她名字，女方带她已经买好的辆车，最后木有成功，他们也有个孩子，我弟弟在养，开10年的事了，女人的脑回路说真的奇怪,1
本来吧里干的都是好事，发XXN逆天的言论，也是警惕大伙小心这种♀拳表,1
整容之前可以，现在这个嘴唇看着想吐,1
外网弱智看久了容易高血压,1
没关系，你缺少爱，我能理解你的羡慕,1
爹爹又不在粪坑打滚，怎么会用得着擦嘴呢，只有你们这些粪坑的高级会员才用的着擦嘴上的屎,1
你要是混的不好，尼🐎都嫌弃你,1
你就像盛夏里的番茄，活的很鲜艳，烂的很彻底,1
牢霍，再去一次萝莉岛吧,1
她羡慕你有跌了,1
把她月出来，看能不能日，日了再说,1
你是个击捌非得接你电话？你没你mia话说了，mia上来就你b话最多，给你点回复真给你mia那p脸装上了，都说小头控制大头，我现在怀疑你mia大头是下面那个,1
你也是个逆天,1
有墙都一堆被远程驯化的了，没墙还得了，可能你会说我意志坚定，能明辨是非，但是那些小屁孩和xxn巨婴可不这么想，真没了早晚落得老大哥的下场,1
你才是下头南。我要日逼就去嫖,1
三个女的都被教育成xxn了，没有理性只看利益,1
经吧友提醒，我也想起来我家也遇到过那种玩牙签的小屁孩，真踏马畜生啊，把三罐牙签全倒到了地上，闹麻了,1
你这不是找到了吗，真的有脑子查资料的人墙根本拦不住你,1
我让你检查一下你爹你母有没有搞外遇，你生气是不是因为“忠言逆耳”？答主根本不是忠言何来忠言逆耳？,1
一群绑个打火机都能当凝固汽油弹玩意，咋就那么爱带入自己,1
你是什么品种，怎么这么凶。,1
中分看鼻子，齐刘海看脸型，斜刘海看气质，无刘海看五官。你适合蒙面！,1
社交这一块，比较因人而异了，我就不喜欢一块儿打游戏，感觉白天和人打交道够累的了，一个人玩游戏的时候就爱玩点单机的，但是原神属于本来能不搞的，结果非要去搞，一坨石罢了,1
那人很好看吗？,1
萨必东西，自作多情,1
下次直接让他们滚,1
这个男的就是个沸羊羊有什么可吹的,1
别刷糖妞好吧，天天给她上热度，你是她甜心爸爸是吧,1
恋爱的小心思弯弯绕绕不像批一样一通到底,1
要我已经离婚了 孩子就是送给她最好的礼物 我爹想咋叫咋叫 她一个外人管什么闲事呢,1
什么傻狗，本来看他还觉得真的知道自己错误了，结果又开始乱引用鲁迅的话，自己愚蠢难道还怪周边的人对他都有恶意？,1
简单的嘴臭，极致的享受,1
看我薄纱小仙女,1
麻了， 捞个冠军再来碰瓷Gen吧小丑,1
你爹在说戒不了炉管的飞舞 没想到飞舞自己就对号入座了,1
给她点父爱看还发不发癫,1
楼主疑似没念完初中，说话像是语言功能不全,1
单纯的废物欺软怕硬罢了，真精神是不管差距的,1
不是楼主怎么跟印度恒河水一样复杂啊，啥事都干过，属实是跻身进入恶人榜前五了,1
太反智了,1
讲讲鼠鼠人生中最小丑的一个月,1
她又不是只有嘴在吃东西,1
厕所人是这样的，习惯就好,1
额，项圈楼主不是带上的吗？,1
她们是山里灵活的狗,1
某些人您真是登峰造极的不要脸,1
你就是个飞舞，承认吧，飞舞中的飞舞，,1
跟你观点不一致就是罕见了是吧？那你是什么？黄色俄罗斯吗？,1
就他这情商智商身高条件  这辈子达飞机️的命,1
xxn真可恶，还好我会催眠,1
楼主攻她下路,1
确实，就算是无脑爱国那起码也是爱国到时候成罕见就不好玩了,1
你就是我键盘上介于字母，A与D，V与N之间那两字母。,1
钕性的大脑容量不允许它们发现背后的社会问题，那当然是顺从它们,1
没啊，过节还要挨批是吧，过节就回家看家人，从不和什么亲戚聊天，平时放假上班太累了就不回去,1
如果出国要卖掉什么才能凑够钱，不如不出。这么出国，纯不孝，尤其是女生多，虚荣！,1
她清华倒是真的，只不过活在了p图和美颜里，素颜长这样,1
得一个长时间的炮友了，多少有点ntr情节的,1
给你20你能塞我里面吗,1
你自己的玻璃心碎了一地也就罢了，还扎到了过路人的脚。,1
跟风罢了每次都有群贵物觉得自己是主角，可能在别人的世界里连配角都不是,1
晒批是吧,1
曲你妈的二逼，哭个戟把哭,1
刚出的时候我就玩过，剧透弱智又无聊然后我就想着看看地图吧，结果等级不够还不让我过去我就不玩了。,1
这个逼长相和品行一样,1
小红书上无论男女怎么都这么逆天,1
终于有人比我废物了,1
这不是我们批吧吧宠吗,1
说了你把她约出来爆操一顿变成你的性奴就好了，学一点钓女的技巧，对线什么的,1
老东西怎么还不睡觉,1
抖音还蛮多李孝子的,1
这么不要脸，这么没心没肺，你的体重应该会很轻吧？,1
真？v我50w，不要让我30岁的时候难受捏,1
臭垃圾 讨人厌 惹人嫌，前期还有人替李慕玄说话,1
你看看你那长相，回家呆着去吧。别出来印象社会形象，看见你那张脸我我怕我会有高原反应。,1
就喜欢看她气急败坏的样子她越气我就越开心怎么办,1
如果是我，当时我百分之百会站出来指责那个女的。,1
看见路上有条狗再吃史你就也得上去吃才不算双标？女的这么干纯脑瘫男的也一样为啥不能骂？龟男的话另算,1
那你提你nn的♀大学生呢？还辅助，不就是想迅速找两个异性高手给她解决问题？人家题主自己都没觉得有问题，你们这帮弱智开始脑补了,1
楼主，这不分手，她哔里有大麻？,1
没腐木是这样的,1
小东西   激动什么,1
你这种货就活该被歧视 懂？,1
支持，狠狠地骂，把他的轮椅塞他屁眼子里,1
你怎么这么舔啊,1
直接让她做p友，她自己会走的,1
蓝牌先跑，老东西们顶住,1
怎么不挑一个好听的称号 人间清醒不行是吧 非得整个这么rz的称号,1
没米线的老东西,1
我今天刷到她了，里面xxn太多，没敢举旗冲锋,1
老东西还想让人来,1
斐济打上天，给你带来了什么启示？,1
弱智是这样的,1
我去给你催逆天邪神好吗，楼主别四,1
小东西爆金币,1
爱个球，爱的是钱,1
都几点了，还不出来说说情况，分没分？没分我继续骂了哈,1
下头男，回复一条评论就开始颅内高潮了,1
有个屁用，又没没收财产，他都是什么老东西了，开除党籍有鸟用,1
给你丑完了,1
你别魔怔了哥,1
XXN离婚想分家产就要跪下来做事情,1
楼主也是个小仙男,1
找到然后强碱,1
多的不说，你是弱智,1
老东西，孙哥肯定会保佑你不去打复活赛的,1
怎么？你不服气？,1
拿你当人的时候，你尽量装得像一点,1
行举止也能看出来孩子也不是什么好鸟,1
纯楚甚白眼狼，她死了就没事了,1
你的话，我连标点符号都不信,1
這軟件說實話現在很多都是釣魚的，我都就單純看看瞬間了，什麼牛鬼蛇神都有。還是以前那會好，起碼能夠跟人正常聊天。,1
这种dinner行为还以为自己很可爱发到网上，哪来的脸,1
学个词就往你爹身上套也是很可怜了,1
没人回你好可怜啊。我来吧，经典照镜子,1
从情侣变成父女。和XXS谈了两年。知道真相的时候我删了她，离谱的是她爸给我打电话说她想不开，让我先加回来做朋友，然后慢慢断了联系，现在老子天天教她做作业,1
真有男人能这么干，她们也只会觉得男的作怪，恶心。无论怎么样都是他们说了算，纯纯是b睡流进大脑，噴啥说啥,1
厕所都不冲是个人？,1
他主页都玩原神了，顺从呗，毕竟孤儿领养栏那行只填米哈游的沙口是这样的,1
一群爱子病的鬼东西还骑士上正常人了,1
富哥不会出去租房？,1
中铺不错，下铺空间大但是大家都坐，上铺纯纯棺材,1
他的浮木:马的养出个死龟,1
微胖你木，143坦克,1
想了想，没了小米，对社会也没啥影响，毕竟只是个组装厂，堆料而已，，没啥科技创新，,1
以前神，现在史,1
byd避晕套当气球是吧,1
我只见识过生物进化，头一次见生物退化，还是智力退化,1
现在社会真的开放了呀，傻逼都开始立贞洁牌坊了,1
人家父母都把她当猪养了，你们怎么还觉得猪的脑子聪明呢,1
你开店，顾客不高贵你高贵，衣食父母都不高贵那你这店很快就会被别人比下去，mhy就是再蠢，也不敢公然得罪玩家群体，还记得钟离加强事件吗？玩家不高贵谁高贵？事实证明玩家如果不反抗，就真的会变成商家高贵，到时候吃亏的是你自己，你也是玩家，不是大公司老板,1
狗孝子死了，恨狗的也要死了，皆大欢喜,1
往喜欢的人的杯子里吐口水，让他间接接吻我,1
一开始吧，这byd对我那姐们儿还挺好的，又带着她吃带着她买带着她办卡，几乎一切都帮她打点好了。在我这个旁观者的视角看来，如若我这姐们儿不是她流落在外的女儿，想必是不会对她这么好的。,1
这货纯沙口，在贴吧被骂，在小红书也被骂,1
谁破防连发三条长篇大论我不说，毕竟我不像你母的楚钕磨，三岁就给人捅破了,1
龟奴一个 我看楼主倒挺喜欢这种感觉的 喜欢当奴才,1
错了哥，下次我一定多改点，我这种rz不配用米老师的文案,1
扔的是楼主的内裤吗，这么急？,1
鉴定为：找抽,1
你配生气，你不是她的男奴吗？,1
20年的时候死多少人不知道是吧,1
这游戏能玩？多少带点M倾向了,1
按电梯那个真是缺德,1
大脑没我指甲盖大,1
初中喜欢混混，高中喜欢体育生，大学喜欢老师，军训喜欢教官，打工爱上领导，理发爱上托尼，看病爱上医生，离婚爱上律师，别到时候真逼痒痒了跑出来被人抓到当做公用斐济备,1
不是，黄牌老登又幻想起来了，自己fvv别带上大伙啊，正常人碰见该怎么说话就怎么说话吧，难道老登真以为盖了个章就霸气了？,1
雌国是这样的,1
对当代xxn一击见血的抨击，讲抽象的xxn行为形象化通俗易懂，深得8u们的喜爱,1
这饭都给人吃傻了，差评,1
人类进化的时候，你躲起来了吧？,1
孙吧怎么什么dinner都放进来,1
找死大王,1
不给口拿什么开跑车,1
芙蓉王大战瑞克五之我现在肺痒痒,1
成是被狐朋狗友给忽悠了，然后觉得狐朋狗友比你们专业医生更懂，毕竟朋友怎么会骗老登自己呢,1
真男人，可惜败在小仙女的手上,1
你心疼她，哈哈哈。你心疼她，我们男人的好日子就来了，嘻嘻。,1
见证也就打打嘴炮，在家把键盘敲碎了有个屁用,1
河南人 无聊死了，啥都不偷,1
有第一次就有以后的无数次，那时候就不应该原谅这老比登,1
你爹老了没工作能力了，那赶紧把你爹送去火化吧,1
这老壁灯就是棍子挨少了,1
这哪儿沸羊羊了？结婚后怀恨在心，打了这么多次一看就是父母逼着不得不结婚的这也沸羊羊？会一个梗就乱用是吧？,1
局外人感觉就是主人公自己无所谓，母亲老婆杀人，最后自己作死了,1
美少女的事你少管,1
突然就这么痛快离了？怕不是有请下一位受害者？,1
你受的了你儿子小学跟你讲他心理性别是女性，要剁屌?,1
？现充能不能滚出孙吧,1
还搞什么十六字箴言？不用这么麻烦，就三个字：直接骂。你一上来就没收它的噙痲，然后把它贬为筹避，你看看它还敢不敢发电了,1
女人活着导致的,1
我也是，你要不要来点喷水,1
没有公主的命，犯了公主得病，防卫措施做得再好，苍蝇不叮无缝蛋，最直接的办法，对方快得手的时候，就地拉屎，最好大小便一起那种，然后往xxn你自己身上涂，就是个重口变态佬，估计都得考虑一下,1
快进到被彩礼吓退,1
你猜“嫉妒”为啥是女字旁,1
开庭≠干腻了,1
你搁这写小说呢？,1
你也要死了开始说遗言了？,1
我们要看乐子,1
小仙女觉得人人想戳ta,1
网络嘴炮，飞机️杯你都买不起，还在这瞧不起美女。,1
@uzi 糖狗听到没有,1
＂你几岁＂我当时就来兴致了，之前经常看有人会去找卖裙子的女生要操p，我很好奇，就顺着他的话聊下去了,1
给你老母引流呢？,1
一眼小丑，开更请踢我,1
你才是虾头南。我要日笔就去嫖,1
确实，女方父母也是拳拳爱女之心啊女方不表态才是最出生的,1
你真是生孩子嗑瓜子，b嘴没闲着,1
小东西滚出孙吧,1
希望每个人都有妈妈。,1
这人从21年开始就各种爆典天天被团建还嘴硬，不只是因为原,1
你自己跳吧，别出来当大便了,1
这种女的就应该直接死了，你还心疼个什么鸡巴，我恨不得所有这种女的出门直接撞大运,1
知道他卖软件为什么只私聊吧？因为这软件他妈是免费的，它只是想多骗几个萌新小白18块钱罢了还拿皇图做晃子，恶心，恶心呐,1
又憨又恶心。,1
吊死在她家门前,1
他都纹身了，我不骂他，那他不就白纹了吗,1
闹麻了，连玩什么游戏都不知道不纯纯萌新？很合理的担心上来就喷是踩到你尾巴了？,1
把我想的那么复杂，说明你也好不到哪里去,1
讨口子罢了,1
如何评价小红书逆天xxn,1
不是，几套房几辆车就算条件好了？你不变现有个锤子用,1
你怎么不把你鸡巴转给它？,1
破了你马呢，自以为很幽默,1
再打一发,1
以后都先收钱再做，防止这种xxn出现,1
我们都还没想到过这个世界上有女铜这种该 死的人的,1
给你丑完了,1
这么看下来你弟是真造孽,1
她搁这训舔狗呢？,1
老东西表情包一套一套的,1
同意，瓢虫和鸡也都是令人作呕的东西,1
学了点词不用难受？ 这跟龟难有半毛钱关系吗？,1
她是cs，你也有点fv,1
我 糙 死 他 的 妈,1
性别一换，微博瘫痪,1
女神背地是母狗,1
别说男人 我看了都心动,1
楼主，鸡鸡没了,1
有男鬼谈牛魔恋爱啊，纯纯恶心人的,1
你家住海边吗，管的也太宽了吧,1
我家户口本都比你家族谱要厚。,1
狠狠入她,1
快进到小丑,1
xxn又开始发作文自我感动了,1
无法评价，正如我当初所说的，我正在干坏事你们一群人在旁边明知道我在干坏事，只用嘴巴骂我指责我有卵用？难道你们骂我指责我就不干了？没一个人敢上来对我动手只会让我笑你们是懦夫更加肆无忌惮的狠狠排,1
我的钢门比较松弛,1
一碰就高潮,1
你这个报备跟那个孬摊一样,1
败笔？神来之笔，移动端还是晚于pc端开服的，就移动端开服时那屎一样的优化，只有最贵那一档的手机能有稍好一点的体验，次一点的手机画面一坨根本带不动，要是没有pc和ps端，直接被喷炸，玩的人肯定也少很多,1
这不分留着过年,1
二次猿414,1
关我屁事。自己不把他做优秀,1
低能出去用一张纸巾擦嘴都是在擦屁股,1
贴我真的分不清发帖的是人类还是抢了游客手机学会打字的峨眉山猴子,1
你带个很强的外挂去哪个世界都是乱杀，但是只是一般小挂或者没有挂把你扔进满是大蟑螂的粪坑里你觉得你会怎么样,1
不是有那种跟验孕棒一样的便捷式仪器吗，直接让对象测，爱测测不测滚,1
一眼假，真蕾丝不可能喜欢男的,1
当时欧洲的犹太人，就相当于现在横行华夏的**,1
母式做题秒了,1
你是不是阿基米德的后人啊，整天就知道抬杠,1
看到你跑步的姿势，我顿悟，猪原来是这样跑的。,1
是摸完东西不买还乱地跑玩牙签丢筷子的大只佬xxn,1
乙解在孙吧破防的第五次，xxn能不能消失,1
靠打游戏来救妈妈,1
在最美的年纪遇到你，算我倒霉,1
废物啊不怼回去,1
不分等过年？,1
是韩国的也好似,1
拿妈钓鱼是这样,1
牺牲你？你算个级贸,1
直击烂裤裆的xxn的心灵一句见血,1
但凡你说得有点道理，也不至于一点道理也没有,1
自家的店不会关路由器废物,1
服从性测试罢了，你比她态度更强硬就行，不然就会越来越舔，你一开始不把姿态放高，女的就会一直拿捏你,1
惹不起 躲的起，爷不伺候了,1
211都有弱智，一本有很正常,1
虽然你身上喷了那种高档的香水味，但我还能隐约闻到一股子渣渣的味道！,1
赶紧爆了骂他,1
出得起彩礼吗就抱孙子？报猴子,1
又当又立,1
操操操，管他那么多，操就完事了，爽了再说，谁都别想跑，看见谁就操,1
没谈过恋爱的滴能阴暗宅男是这样的，见别人热恋比杀了你都难受,1
但xxn个个都认为自己长得倾国倾城，300斤的也说只是微胖，说五官长得非常端正，有点小美，出门天天怀疑虾头男跟踪她,1
你这嘴腌了几年啊这么入味儿,1
其实你不讨厌，只是没有讨喜之处。,1
于是鼠鼠吃完以后，站起来，朝着虎式坦克浅鞠一躬，说：“对不起，这辆女士”,1
给我爆金币，爆完我在磕,1
跟女朋友聊天有什么可发的？你有暴露癖吗,1
完颜构你想媳妇想疯了吧,1
跺脚丁真鉴定为都是岔开腿的玩意,1
应该都是大肥猪吧,1
这已经是后话了，担心兄弟们觉得我窝囊，我先说结果，她被我逼走离开公司，据说找了个客服的工作，中专妹永远的家，然后哭着跪下向我道歉过了,1
疑似尽孝导致把脑子喂给你们家老人吃了，挺可怜的,1
佩服楼主这么多耐心去哄。直接摁倒把她透舒服了就服服帖帖的,1
被绿了直接让她滚不就好了，哪那么多事，没钱就不谈,1
谈一年多就几次，你信不信啊,1
还真可能，踏马的，我以前有个同学专干这种鸟事，钓龟男爆金币,1
当当当！正是如图所示的SD是也！作为一个ai小白，楼主都知道介玩意儿是开源免费的捏，他竟然敢收18块！他是想钱想疯了还是当楼主是傻子呀,1
死了姆的这男的，鸡巴把下头，上来直接怼着问感情史智商低情商也低，不会聊天建议重开，就这脑瘫水平还搁网络上找对象,1
龟男必死 飞舞重开吧,1
反正我是绷不住了，这也能打拳？唐完了,1
乖乖，太饥渴了，才四分钟,1
怕你在里面头毒捏,1
频被剪辑成对女方有利的，我看过完整视频男子进店之前女的就在躲着他，双方明显认识的或者有什么恩怨，所以那次事件大概率就是狗咬狗，而且女的那边也拿啤酒瓶爆男子头，这不妥妥的互殴，但是舆论风向呢，男子恶魔，女的良家妇女,1
你在小说里都活不过两行半。,1
说白了，吧里一群nt人丑没人要，想玩又不敢，人怂又怕死，活该,1
老东西还在喷水,1
这种人脑子被洗了，又不犯法找就找呗，还要立个牌坊。,1
马桶之间亦有差距,1
打是亲骂是爱，别总骂你妈，都快跟你妈产生感情了。,1
我想狠狠地注入她,1
晚上夜店来去自由，白天小区危机四伏,1
有时候媒婆挺逆天的，村里一个女的小学被初中的qj了，后来闹大了怎么样我不清楚，女的最后读了211毕业回家那边工作，男的初中读完就不读了当兵去了，回来以后听说媒婆一直介绍这俩人，就是qj犯和受害者听完恶心坏了,1
泥麻麻的，已经是个合格的二次元了。天天看个什么b动漫，听着初音未来的小曲。恋爱番看多了，脑子里也犯了抽，想谈一场恋爱。因为比较宅，然后在一个关于miku歌曲下面的评论和一个人争执了起来。最后我自觉理亏，让步了。对方哈哈大笑要我的QQ，想给我科普更多,1
关我们什么事，她喜欢当亚洲马桶你还能管得了,1
很难不相信这是钓鱼的明眼人都看得出这是单纯的不想理你，忙？她除非忙着进棺材，但凡对你感一点点兴趣都不会不理你。,1
圣母就是祸害,1
经吧友提醒，我也想起来我家也遇到过那种玩牙签的小屁孩，真他妈出生啊，把三罐牙签全倒到了地上，闹麻了,1
捕捉！抓到了，给我超一下,1
dinner直接把我拉黑，自己润了，什么脑瘫dinner都能让我遇到是吧,1
韩红一屁股坐下来你三天都不饿，当场喂饱你,1
有点尬黑了，不是教大家当小丑的教学局吗,1
不愧是老东西，一眼就看穿了事物本质,1
知道什么后果，和同学玩说一声不就行了，你平时是有多龟？,1
自己又有多大能耐呢不也是个吸血鬼,1
宝你妈呢宝，现在看见这字就犯ex,1
有一说一，正常人也不会碰啊，会碰的这种老登我都怀疑他们看不懂字,1
这哥们是真不拿五十万当小数目啊，鉴定为批瘾犯了,1
你玩孙吧不是臭**？,1
捏mmd，打字这么慢的？,1
关我批示，我只想看血流成河,1
确实，总有一帮人脑仁跟花生米大小容易被带节奏，放开不放开只是被内还是外带节奏的区别,1
别分，别把这种女的放回市场,1
拉托大便在他被窝里,1
火老师出杆的速度爆杀你在床上的速度,1
我劝你还是在家好好地呆着，街上是不允许宠物乱跑的。,1
看见路上有条狗在吃史你就也得上去吃才不算双标？女的这么干春闹谭男的也一样为啥不能骂？龟男的话另算,1
骗他个奶茶钱再骗个鸡照就功德圆满了鼠鼠女同学之前被一个初三的龟男骚扰了就推给我，本来想骗个奶茶钱结果这小子连微信都没有，最后只收获了鸡照,1
他上个帖子讲了这个姐的逆天女拳，不过帖子没了,1
p瘾犯了属于是,1
老东西我操死你,1
关我屁事,1
老登，自觉点,1
那你提你奶奶的女大学生呢？还辅助，不就是想迅速找两个异性高手给她解决问题？人家题主自己都没觉得有问题，你们这帮rz开始脑补了,1
她是cs，你也有点废物,1
老东西爆金币,1
确实恶心，但是也算是这男的太笨，表达问题，两个人还是很相爱的，至于这个评论，纯挠瘫,1
我真想一拳捣死你我是来看你是怎么和人家散伙的，不是看第二个司马迁诞生的,1
死了姆的这男的，鸡巴把下头，上来直接怼着问感情史智商低情商也低，不会聊天建议重开，就这闹颤水平还搁网络上找对象,1
上来就隐私照，这b痒的玩闪电战是吧,1
直接扔了喂舔狗,1
起码没拿刚出生的时候谁更能吃奶说事，这群主播孝子脑子还没完全坏掉,1
还搞什么十六字箴言？不用这么麻烦，就三个字：直接骂。你一上来就没收它的噙痲，然后把它贬为丑逼，你看看它还敢不敢发颠了,1
别，虎式张腿只会把步兵吓跑，穿甲弹都弹飞了,1
看着她努力的解释和低能的表情包我笑了,1
不知道你老公能不能踢死我，我先弄死你再说,1
所以说同性恋都该沙了,1
把性别分工本身作为一种压迫也是它们几千年身处藩篱生长的狭隘目光的一种体现,1
对着她脸打一胶,1
你不会就是这个妓女吧,1
你问她是不是没die,1
美颜是这样的,1
巧了我在东门 马上来真实你,1
你才是下头南。我要日笔就去嫖,1
种东西，怕不是ylg滚粗孙吧,1
你爹在说戒不了撸管的废物 没想到废物自己就对号入座了,1
刚开始的时候她还是个正常的女生 没有暴露出xxn的本性,1
原神哥是真真正正的超级原p，以后会说到捏是个真正的乐子，是个让孙吧瞩目的大活,1
乐死我了,1
感情洁癖天天泡酒吧是吧，给你清高完了,1
一哭二闹三发病，法律对它没效力,1
卑贱的要死 要是是男的他根本就不会这样说只会嘲讽摆了 刻在骨子里的利女孙吧,1
你妈死了,1
社会巨婴真多！,1
他人建议你把牛牛割了去小红书那里更支持你的智障言论,1
xxn自己就是不劳而获坐享其成的人，所以她们不会明白寒窗苦读十年被一个文盲薄纱的痛，也不会明白这个世界的魔幻,1
原神，启动！,1
173什么残疾人还这么自信，掂量不清楚还来网络找存在，起码往高的报吧，这个b智商趁早埋了得了继续聊看能不能套出照片啥的,1
你也不是什么好鸟,1
牺牲你？你算个鸡毛,1
宝你妈呢，看的我都想吐了，什么低贱人格啊？,1
哦令堂个头哦哦哦 再哦就给你两耳光看你还哦不哦,1
鼠鼠没有男朋友，逗这dinner玩呢,1
龟男，连个女人都摆不平，遇到事就知道道歉找8u，不会事后买多小花或者她喜欢的去哄一哄？,1
宝尼马呢，看的我都想吐了，什么低贱人格啊？,1
要是不是p的其实还行，可惜不可能,1
唉 傻舔狗是这样  认不清状况,1
Soul对味了，大型舔狗市场,1
给小仙女搞出应激反应来了,1
人民群众喜闻乐见，你不喜欢，你算老几,1
说了你把她约出来爆炒一顿变成你的性奴就好了，学一点钓钕的技巧，对线什么的,1
不懂你这种玩猿神的爷中跑孙吧来找什么画面看别人骂你爹你还生气,1
什么垃圾学校都跟衡水学,1
你脑子没问题吧？,1
没打死你这飞舞真是可惜了,1
我 糙 私 他 的 妈,1
你才是下头男。我要日逼就去嫖,1
捏麻麻的吓老子一跳问我有没有男朋友，这才意识到因为哥们qq资料填的女的，估计是哪个楠的骚痒难耐了想找对象，找我头上来了,1
鉴屎官这么有流量的吗,1
无脑喷口嗨党还是很多的,1
上完厕所还要尝一尝味道吗,1
让你二姐找富二代啊，好歹有13，要是实在丑当我没说,1
真挠弹，我看你说话我都烦,1
让她开最大档一边抠去,1
这不纯纯挠摊嘛哈哈哈哈 石乐志,1
不懂就问，这群傻逼为什么那么喜欢贴个大头拍视频，跟个唐人似的,1
他才是真的憨,1
天考，不是你考，就是我考，考他 娘的什么东西。,1
批瘾犯了，着急了,1
文化人都是傻逼，把事情闹大就行了。那些人最擅长的就是欺君子以方,1
楼主**先,1
不是，没吃饭吗更这么慢,1
射我嘴里,1
她们追捧的就是不劳而获，当然不会理解我们,1
不是，黄牌老登又幻想起来了，自己废物别带上大伙啊，正常人碰见该怎么说话就怎么说话吧，难道老登真以为盖了个章就霸气了？,1
要是帅还会这样到处乱加人？绝对丑,1
我决定今天晚上去吃狗肉，你记住是因为看了你的帖子我才决定吃狗肉，这条狗因你而死还死的香喷喷的。,1
某抖刷到了这个，入了xxn窝了,1
BYD审核算我引流,1
因为真小丑不需要用领域大神做伪装,1
似了姆的这男的，真即把下头，上来直接怼着问感情史智商低情商也低，不会聊天建议重开，就这闹颤水平还搁网络上找对象,1
过于抽象,1
要是以后你对象不天天八抬大轿供着你出门 碗筷都是日本人洗过七遍的 家门口都有个英国伦敦口音的管家看门 我都看不起你 大啥缺,1
龟男推屁股去吧,1
这什么 傻狗啊,1
犹太狗必须死,1
要不然怎么会有大学情侣大部分都会分手呢 工作地什么的都能成为理由 不过是合法打炮罢了,1
笑死了 刚刚的礼数呢？,1
也就老登能这么闲得但疼吧,1
你是个鸡巴非得接你电话？你没你妈的话说了，妈的上来就你b话最多，给你点回复真给你妈的那p脸装上了，都说小头控制大头，我现在怀疑你妈的大头是下面那个,1
男朋友的前提下和闺蜜前男友开房，烂裤裆罢了.,1
谁破防连发三条长篇大论我不说，毕竟我不像你木的处女膜，三岁就给人捅破了,1
博爱是吧那么这个贴我只能说好似,1
哈哈哈，抖音仙女日常发癫,1
吐槽男方河童的多半也不是什么美女了,1
估计也就初中毕业的程度，根本不知道top2的含金量，什么逆天也能来插一嘴了,1
死了姆的这男的，真即把下头，上来直接怼着问感情史智商低情商也低，不会聊天建议重开，就这脑瘫水平还搁网络上找对象,1
屌毛，一看就知道不是从农村来的，你知道从农村来的孩子长大是什么样子吗？农村女孩见过吗？他们小时候父母是没人爱的，我们这个地方算是比较偏远的村庄，如果是女生的话，那就比较悲惨，嫁人，生孩子，做家务就这样。很少有出人头地的，而且嫁的往往都是那些精神小伙。,1
你哪来这么大的火气是不是快似了回光返照？,1
看见路上有条狗再吃屎你就也得上去吃才不算双标？女的这么干春闹谭男的也一样为啥不能骂？圭南的话另算,1
青少年是根本，你这老东西就是建材没人在乎的,1
护士其实是体力活，肯定喜欢用牛马人,1
飞舞，好歹也kiss吧,1
就你那逼样，也配有人害你？,1
口臭老哥见过不少，这么变态的说实话还从来没见过,1
你去吃饭，来个大花臂给你递出的你不恶心？反正我恶心,1
**，上个互联网给你牛逼坏了,1
火老师出杆的速度爆沙你在床上的速度,1
与其看智障露阴癖，我不如去看真正的露阴癖,1
跟我家一样，妈妈这边好，爸爸那边全是势力眼，好了就天天串门又是买东西又是来给你做饭吃饭，关系好得不得了，一旦出了什么事了，全润了,1
能在床上顶一整天,1
上帝把智慧洒满人间，就给你打了个伞。,1
成年了还天天听家里的废物,1
因为这女的觉得你没有把精力时间和金钱放到它身上，它觉得你就应该无限跪舔它,1
这有什么自私的？一定要让自己受罪是吧,1
我支持，byd高中男厕所跟毒气室的,1
排核废水都没啥热度啊，8u们打多了冲不动了吗？,1
照片搞出来威胁她给你当性奴的,1
你这说的才是现实，现在贴吧太低龄了，看了一圈发现还都挺纯真的,1
思想巨人，行动废人,1
穷游不如呆在家看剧 带她出去体验人下人的感觉是吧,1
采取点意见 怎么样才能快速操到13或者说怎样才能操到13,1
我要是有这样的爹等他老了天天揍他,1
想给楼主屁眼松松土是吧,1
在和大伙们分享一下女朋友逆天的事,1
在键盘上撒把米，鸡的走位都比你骚。,1
这才是高中牲该有的样子,1
要是真的最后一个女人，讲道理应该是会被不停提取卵子然后当卵子供给站吧……让她一个个生孩子太低效了。,1
楼下细说高强度对线魔怔女友,1
评价不了，挠谈,1
已经认识了很久了，关系还不错，如果直接A上去会不会变成小丑啊,1
本来就是捞女想来吃白饭捣鼓出的话术她们还真信了鄙视，嘲笑,1
女性的大脑容量不允许它们发现背后的社会问题，那当然是顺从它们,1
绝经老登也有春天,1
注定的改变不了 :他能活着就证明他不是你这种脑瘫能理解的，说不出一点黑料还让人别双标，难道你这种废物被攻击到了，所以他就是双标？你是什么品种的贱畜？,1
别让我瞧不起你们,1
一边又说没有高端低端，典中典xxn发言,1
楼主你不要带着答案问大家了 我喜欢直接跳过剧情看正式部分 正如大家要看楼主的小丑剧情 快快端上来罢,1
还搞什么十六字箴言？不用这么麻烦，就三个字：直接骂。你一上来就没收它的噙痲，然后把它贬为筹避，你看看它还敢不敢发颠了,1
有什么问题，难道你想让楼主一辈子连批都没有体验过？,1
这个真逆天到家了，男的一边给它弹吉他一边还要被它敲，地下还有一帮脑瘫xxn拍手叫好,1
估计楼楼已经把他养成了，没有a钱这个概念以后出去都要白吃白喝喽,1
蓝牌小东西真会说话先给我磕一个吧,1
错误的，退伍地大部分都不咋地,1
家里面户口本就一页吧,1
确实，这种当情绪垃圾桶，自己不能有情绪，结婚了也要离。龟男劝不住，对方会来舔他的，他必定回头。不过当龟男了很难察觉到，会麻痹自己的，用女生对自己的一点点好麻痹自己，需要自己慢慢觉醒,1
关你屁事，自由恋爱你管得着？,1
你说你妈呢？低能,1
尤物× 油物√,1
来看精虫上脑的脑瘫,1
我一般直接狂骂,1
我超，破防了,1
处理结果呢？屎都搬不明白？,1
自己吃那么胖怪谁,1
这哥们是真不拿五十万当小数目啊，鉴定为皮瘾犯了,1
孙吧这种粪坑的经验不要也罢，等级越高人越低能,1
经吧友提醒，我也想起来我家也遇到过那种玩牙签的小屁孩，真他妈畜生啊，把三罐牙签全倒到了地上，闹麻了,1
像这种我都不敢看，怕手机得性病,1
智商高的谁去纹花臂啊,1
知道他卖软件为什么只私聊吧？因为这软件TM是免费的，它只是想多骗几个萌新小白18块钱罢了还拿皇图做晃子，恶心，恶心呐,1
你听哪门子史料说的,1
我血压要上来了，所有多按的都该死,1
去逆马的二逼，哭个戟把哭,1
这个哥哥是纯畜生啊，多好的一个妹妹啊,1
太君您吉祥，给您磕一个,1
抄个批怎么那么墨迹,1
你这b头像就挺搞的,1
白痴可以当你的老师，智障都可以教你说人话。,1
宝你妈呢宝，现在看见这字就犯恶心,1
什么畜生偷人家外卖啊啊啊啊啊啊啊啊啊啊啊啊,1
心疼啥，已经违规纵容。都已经骑连上拉实还是以对面是to而给予超柜待遇,1
听我的别当舔狗好吗,1
沙沟，我喜欢男的，你叫牛魔呢,1
斐济大上天，给你带来了什么启示？,1
这种女的就应该直接似了，你还心疼个什么鸡脖，我恨不得所有这种女的出门直接撞大运,1
什么小丑,1
你跌在说戒不了撸管的飞舞 没想到飞舞自己就对号入座了,1
那还是不如这个朋友逆天的,1
8u是你爹啊，一巴掌扇过去看看你还发不发颠,1
快进到反手告你xsr爆你金币,1
老子不打你，你不知道我文武双全。,1
看见你就好像看见市场上快下市的小青菜，5毛钱一大把。,1
你兄弟大老远过来找你，你也好意思让人请你吃饭捏，建议楼主吃始也和xxn分享一下哦，另外建议锁死~,1
你真的是要笑死我啊，国防军费还能捐。还有先去上个小学再上网吧,1
笑死了，这b把视频给删了评论不开互关，给人骂惨了,1
你爹喊你有啥问题。,1
gkd 让她乀(ˉεˉ乀)滚,1
越年轻恶性程度越高,1
虾头楠，回复一条评论就开始颅内gc了,1
上来就是死人是吧,1
终于有人比我飞舞了,1
说得挺好的，下次别说了,1
等死了直接结冥婚，这样就能省钱了,1
捏麻麻的吓老子一跳问我有没有男朋友，这才意识到因为哥们qq资料填的女的，估计是哪个男的骚痒难耐了想找对象，找我头上来了,1
先给我磕吧,1
乌克兰从2014年就开始图图乌东地区的俄语人口，结果现在惹出了祸事后发现打不过开始拉壮丁了，中国当年图过我国领土上的日语人口了？也就你这畜生会把我国抗日民众和乌克兰那帮法西斯相提并论了，我是你爹当年就该把你射马桶里,1
离谱啊，恋肥能不能都去似啊,1
那她妈应该是pdd打包买的,1
你他母今天别想上桌了滚倒阳台去吃,1
脑子是个好东西，希望你也有,1
一是你没弄爽她，她看不起你，第二，你像个沙沟，把她变成泡友不好吗，还负责  笑死我了,1
世界上只有人和畜生，畜生还有什么性别可言？,1
挂我是吧，马上带着一个师的虎式攻打你,1
哈哈哈，怪不得这么穷呢，活该,1
纯孬弹,1
想什么呢，人家说现在结婚了吗，最后说不定回国便宜某个龟男了，玩玩就跑的难道只有男的吗,1
楼主是dinner，我说的,1
这种女的到底图个啥？,1
你都来孙吧了还指望正常人,1
逆戈顶xxn一整天,1
判的有问题吗，谁说这样合理了，大家看得开心怎么了，建议去宠物医院看看，别和狗爹呆久了脑子退化,1
让你二姐找富二代啊，好歹有B，要是实在丑当我没说,1
当时的德国如果没有他，连狗都不如。,1
因为你是小丑,1
没人要的都说自己是纯爱,1
磨磨唧唧有屁快放,1
大粪搬运工是吧,1
妈的到你这里没绷住,1
得吃了，牢弟,1
我笑死这人均四六级的年头要多厉害才能被称为精通英语来着，认识abc吗,1
啊对，还有，他还是个职中的小混混，竟大胆祸害我校妹妹,1
你撸管炸膛了,1
实话、很多为黑而黑的，不过浓妆的样子挺唐的,1
白痴能够当你的老师，智障都能够教你说人话。,1
对的，素质差可以毁掉一切优点，除非你只是单纯的想来一炮，不过我觉得也嫌脏,1
你能不能别大清早就恶心人,1
喜欢你的时候你说什么就是什么，不喜欢你的时候，你说你是什么？,1
几十年前的人，你跟他讲素质吗，他连素质怎么写都不知道,1
人喝麻了还能想着给对象带虾，你喝麻了怕不是就抓个坦克上车了，人家郎才女貌，天生一对，哪里轮得到你这个妖怪来反对,1
建议后车不减速直接撞上去,1
看你一天能当几回小丑,1
反了？开了一大堆女性后公司照常运营，说明了什么？少在这岁月史书,1
这种男的怎么可能会动真情到处钓鱼的nt像八辈子没见过女的一样,1
反正没几个正常,1
被脑瘫吓晕,1
师夷长技以制夷，XXN，这盛世如你所愿,1
你真是找shi第一名 真给我恶心坏了,1
看见路上有条狗在吃史你就也得上去吃才不算双标？女的这么干春闹谭男的也一样为啥不能骂？圭南的话另算,1
你妈为了阻止你谈恋爱竟然给了你这张脸。,1
你就当素菜点的那你别嫌贵啊？想减肥你别点荤啊，不满意当场给，隔几天给也不冤人家骂你，你这不一眼跟同行恶意差评一样,1
宝捏嘛呢宝，现在看见这字就犯恶心,1
你真是究极大天狗啊玛德,1
有妈生没妈教,1
这想逼想疯了吧,1
你那是嫁给他吗？你那是图他彩礼,1
任何人工智能都敌不过阁下这款天然傻瓜。,1
没有土木卖淫的都得失业,1
看一眼得了，还要再看一眼，纯纯活该,1
混账，这种鸟人就该死,1
烤肉不能明天吃？给她两巴掌,1
确实没点进来还可以，点进帖子就感觉奇丑无比，这是为什么捏,1
它就是恶心你，不想让你变的比它好，你要是上岸的它丑恶嘴脸会更加显露,1
所以这些波刚估计是没谈过恋爱，只能在这里酸涩意淫,1
可惜会计本身没啥大用，用来坐牢随便一个会计都行了,1
崩不住了，什么时候杀人都要攀比了，xxn那脑仁真的连幻想都幻想不出什么好内容,1
注定的改变不了 :他能活着就证明他不是你这种脑瘫能理解的，说不出一点黑料还让人别双标，难道你这种飞舞被攻击到了，所以他就是双标？你是什么品种的贱畜？,1
滚，给我马不停蹄的滚；滚，思想有多远就给我滚多远；滚，永远有多远就给我滚多远。,1
你哪来这么大的火气是不是快死了回光返照？,1
错误的，长城一塌网上梗小鬼就会更多，没脑子被带节奏的老米白军就来咯,1
反正你是挺逆天的，同贴吧转一个字都不带改,1
牺牲了个己卯，看了都想吐，这就是版本t0？,1
合带他进的世界赛十六强越南俘虏 到处清算别人 我也不知道尿罐子这德行是不是随主子,1
问问他爹帅不帅,1
嫉妒是女字旁不是没有道理的,1
看看他什么成分,1
她是不是死了,1
吧三观正正的只是一部分人罢了，每个地方都会有正常人，也都会有萨碧,1
这想比想疯了吧,1
议少看点航吧，实在是有点逆天,1
你爹在说戒不了炉管的废物 没想到废物自己就对号入座了,1
图三是鼻屎没扣干净吗,1
光看这段描述，混账女道德败坏，有辱门风连自己亲爹妈都不愿认，纯粹是自作自受，把男的害了不打她打谁？,1
她啥时候能无性繁殖了再说话,1
byd方向盘下面整个小桌我是真的绷不住了,1
弱智吧吧主是吧,1
老东西先爆个金币再说,1
魔怔了，见个东西就开始扒着自己的那点见识开始叫,1
骑着廉价共享，找高价女人是个会过日子的人,1
深圳人民医院附近是吧 马上真实你,1
这啥比真是个纯爆典机器,1
经典让你猜，我猜她妈还是处女我猜,1
被我操的,1
哪里都有你这个4妈串子,1
我已经多少年不与异性负距离接触了，愈加感到她们一年比一年显得陌生。。老远拿眼睛一看，那行事做派举止，都直让我觉得忧惧、排斥和厌恶，一个个看得那么浮夸，跳脱，虚浮，自大自矜，也不知道是谁养出来惯出来xxn，宠出来的怪脾气，长此以往，广大男同胞可怎么办喔,1
注定的改变不了 :他能活着就证明他不是你这种脑瘫能理解的，说不出一点黑料还让人别双标，难道你这种飞舞被攻击到了，所以他就是双标？你是什么品种的见初？,1
喃的就是下头有什么好解释的？装的冰清玉洁的，谁信啊,1
下面没了是吧,1
笑死，这么多op能被米哈游圈养，要真放开，都不敢想有多少小朋友或者智力低下的人遭殃,1
我只想骂人，但不想骂你,1
别想不开，真想重开前来给我糙一下劈,1
闹麻了原本以为只是脑子不行原来眼睛也不行，你要不回头看看楼主给差评的原因是什么？性价比低和没荤菜被你yy成口味不好，对线不过就拉黑一击脱离太对了哥,1
低龄？低能！,1
像糖妞≠会做题,1
nmd****,1
很多农村老登都这样，说到底就是愚昧,1
难蚌，畜生开个箱子都感觉痛彻心扉,1
哥们刚混中国互联网？,1
老东西信不信我叫米尔顿探员弄你,1
不是直接外国绿卡，找个白皮不回来了？,1
你就是不尊重人家啊，没事瞎看啥啊，管好你的眼珠子行不只要长得丑点就得被人指指点点被人恶心被人指责吗？人家至少还有男朋友爱，你呢，小孤独,1
你有母的？你不是估尔吗？,1
这吊名字我以为穿越了,1
哎，心好乱。一方面我真的好爱她，我也能感觉出来她对我依恋的那种亲情，另一方面我发现她出国后，可能因为寂寞和追求新鲜感的原因，真的变成拉拉了，变得有点变态。怎么办。。。。。。谁能给我点建议。。。。哎,1
纯纯农村牛马烂子，上不了台面的东西,1
语言功能疑似发育不完全,1
我觉得是原神玩家,1
是畜生是因为你没本事,1
会被安排和这样的人相亲，也不看看自己什么逼样，不想想自己配不配,1
